distractor,target,set,ans1,ans2,rep_loop4_thisRepN,rep_loop4_thisTrialN,rep_loop4_thisN,rep_loop4_thisIndex,st2_prac_loop_thisRepN,st2_prac_loop_thisTrialN,st2_prac_loop_thisN,st2_prac_loop_thisIndex,st2_main_loop_thisRepN,st2_main_loop_thisTrialN,st2_main_loop_thisN,st2_main_loop_thisIndex,image_4_started,image_4_stopped,sound_2_started,sound_2_stopped,key_resp_3_keys,key_resp_3_rt,image_5_started,image_5_stopped,st_prac_back_started,st_prac_back_stopped,st_prac_text_started,st_prac_text_stopped,st_fix_back_started,st_fix_back_stopped,st_fix_2_started,st_fix_2_stopped,main_prac,st_ans,st_res,st_corr,st_rt,st_back_started,st_back_stopped,st2_resp_keys,st2_resp_corr,st_main_back_started,st_main_back_stopped,st_main_text_started,st_main_text_stopped,mouse_4_x,mouse_4_y,mouse_4_leftButton,mouse_4_midButton,mouse_4_rightButton,mouse_4_started,mouse_4_stopped,text_2_started,text_2_stopped,id_,date,expName,psychopyVersion,frameRate
negative,yellow,1,k,None,NaN,NaN,NaN,NaN,0,0,0,0,NaN,NaN,NaN,NaN,38.6055119000375,None,48.3119275999255,None,space,57.1576714999974,105.493949400028,None,106.910930400016,None,106.910930400016,None,108.924916199874,None,108.924916199874,None,prac,k,k,1,0.884343799902126,110.93537439988,None,None,0,NaN,,NaN,,NaN,NaN,NaN,NaN,NaN,NaN,,NaN,NaN,306,2023-07-03_16h29.43.761,Main,2022.1.1,60.0329821059383
positive,red,2,None,None,NaN,NaN,NaN,NaN,0,1,1,1,NaN,NaN,NaN,NaN,NaN,,NaN,,,NaN,NaN,,NaN,,NaN,,NaN,,NaN,,prac,None,None,1,1.49606410018168,112.827298299875,None,None,1,NaN,,NaN,,NaN,NaN,NaN,NaN,NaN,NaN,,NaN,NaN,306,2023-07-03_16h29.43.761,Main,2022.1.1,60.0329821059383
negative,blue,2,None,k,NaN,NaN,NaN,NaN,0,2,2,2,NaN,NaN,NaN,NaN,NaN,,NaN,,,NaN,NaN,,NaN,,NaN,,NaN,,NaN,,prac,None,None,1,1.50176240014844,115.3246239,None,None,1,NaN,,NaN,,NaN,NaN,NaN,NaN,NaN,NaN,,NaN,NaN,306,2023-07-03_16h29.43.761,Main,2022.1.1,60.0329821059383
positive,yellow,1,None,k,NaN,NaN,NaN,NaN,0,3,3,3,NaN,NaN,NaN,NaN,NaN,,NaN,,,NaN,NaN,,NaN,,NaN,,NaN,,NaN,,prac,None,None,1,1.49651549989358,117.827215699945,None,None,1,NaN,,NaN,,NaN,NaN,NaN,NaN,NaN,NaN,,NaN,NaN,306,2023-07-03_16h29.43.761,Main,2022.1.1,60.0329821059383
negative,blue,2,None,k,NaN,NaN,NaN,NaN,0,4,4,4,NaN,NaN,NaN,NaN,NaN,,NaN,,,NaN,NaN,,NaN,,NaN,,NaN,,NaN,,prac,None,None,1,1.50185119989328,120.324494600063,None,None,1,NaN,,NaN,,NaN,NaN,NaN,NaN,NaN,NaN,,NaN,NaN,306,2023-07-03_16h29.43.761,Main,2022.1.1,60.0329821059383
negative,blue,1,None,k,NaN,NaN,NaN,NaN,0,5,5,5,NaN,NaN,NaN,NaN,NaN,,NaN,,,NaN,NaN,,NaN,,NaN,,NaN,,NaN,,prac,None,None,1,1.49918210017495,122.827139300061,None,None,1,NaN,,NaN,,NaN,NaN,NaN,NaN,NaN,NaN,,NaN,NaN,306,2023-07-03_16h29.43.761,Main,2022.1.1,60.0329821059383
negative,yellow,2,k,None,NaN,NaN,NaN,NaN,0,6,6,6,NaN,NaN,NaN,NaN,NaN,,NaN,,,NaN,NaN,,NaN,,NaN,,NaN,,NaN,,prac,k,k,1,0.797626599902287,125.327061000047,None,None,0,NaN,,NaN,,NaN,NaN,NaN,NaN,NaN,NaN,,NaN,NaN,306,2023-07-03_16h29.43.761,Main,2022.1.1,60.0329821059383
negative,red,1,None,None,NaN,NaN,NaN,NaN,0,7,7,7,NaN,NaN,NaN,NaN,NaN,,NaN,,,NaN,NaN,,NaN,,NaN,,NaN,,NaN,,prac,None,None,1,1.50054699997418,127.124383100076,None,None,1,NaN,,NaN,,NaN,NaN,NaN,NaN,NaN,NaN,,NaN,NaN,306,2023-07-03_16h29.43.761,Main,2022.1.1,60.0329821059383
positive,yellow,2,None,k,NaN,NaN,NaN,NaN,0,8,8,8,NaN,NaN,NaN,NaN,NaN,,NaN,,,NaN,NaN,,NaN,,NaN,,NaN,,NaN,,prac,None,None,1,1.50248770019971,129.626963499933,None,None,1,NaN,,NaN,,NaN,NaN,NaN,NaN,NaN,NaN,,NaN,NaN,306,2023-07-03_16h29.43.761,Main,2022.1.1,60.0329821059383
negative,yellow,1,k,None,NaN,NaN,NaN,NaN,0,9,9,9,NaN,NaN,NaN,NaN,NaN,,NaN,,,NaN,NaN,,NaN,,NaN,,NaN,,NaN,,prac,k,k,1,0.710211500059813,132.128477599937,None,None,0,NaN,,NaN,,NaN,NaN,NaN,NaN,NaN,NaN,,NaN,NaN,306,2023-07-03_16h29.43.761,Main,2022.1.1,60.0329821059383
positive,yellow,2,None,k,NaN,NaN,NaN,NaN,0,10,10,10,NaN,NaN,NaN,NaN,NaN,,NaN,,,NaN,NaN,,NaN,,NaN,,NaN,,NaN,,prac,None,None,1,1.49853829992935,133.843373500044,None,None,1,NaN,,NaN,,NaN,NaN,NaN,NaN,NaN,NaN,,NaN,NaN,306,2023-07-03_16h29.43.761,Main,2022.1.1,60.0329821059383
negative,yellow,2,k,None,NaN,NaN,NaN,NaN,0,11,11,11,NaN,NaN,NaN,NaN,NaN,,NaN,,,NaN,NaN,,NaN,,NaN,,NaN,,NaN,,prac,k,k,1,0.685361100127921,136.340823400067,None,None,0,NaN,,NaN,,NaN,NaN,NaN,NaN,NaN,NaN,,NaN,NaN,306,2023-07-03_16h29.43.761,Main,2022.1.1,60.0329821059383
negative,red,2,None,None,NaN,NaN,NaN,NaN,0,12,12,12,NaN,NaN,NaN,NaN,NaN,,NaN,,,NaN,NaN,,NaN,,NaN,,NaN,,NaN,,prac,None,None,1,1.4990902999416,138.026747300057,None,None,1,NaN,,NaN,,NaN,NaN,NaN,NaN,NaN,NaN,,NaN,NaN,306,2023-07-03_16h29.43.761,Main,2022.1.1,60.0329821059383
positive,red,1,None,None,NaN,NaN,NaN,NaN,0,13,13,13,NaN,NaN,NaN,NaN,NaN,,NaN,,,NaN,NaN,,NaN,,NaN,,NaN,,NaN,,prac,None,None,1,1.49620839999989,140.526824099943,None,None,1,NaN,,NaN,,NaN,NaN,NaN,NaN,NaN,NaN,,NaN,NaN,306,2023-07-03_16h29.43.761,Main,2022.1.1,60.0329821059383
positive,blue,2,k,None,NaN,NaN,NaN,NaN,0,14,14,14,NaN,NaN,NaN,NaN,NaN,,NaN,,,NaN,NaN,,NaN,,NaN,,NaN,,NaN,,prac,k,k,1,0.601859800051898,143.024025999941,None,None,0,NaN,,NaN,,NaN,NaN,NaN,NaN,NaN,NaN,,NaN,NaN,306,2023-07-03_16h29.43.761,Main,2022.1.1,60.0329821059383
positive,blue,1,k,None,NaN,NaN,NaN,NaN,0,15,15,15,NaN,NaN,NaN,NaN,NaN,,NaN,,,NaN,NaN,,NaN,,NaN,,NaN,,NaN,,prac,k,k,1,0.799492999911308,144.626569000073,None,None,0,NaN,,NaN,,NaN,NaN,NaN,NaN,NaN,NaN,,NaN,NaN,306,2023-07-03_16h29.43.761,Main,2022.1.1,60.0329821059383
negative,blue,1,None,k,NaN,NaN,NaN,NaN,0,16,16,16,NaN,NaN,NaN,NaN,NaN,,NaN,,,NaN,NaN,,NaN,,NaN,,NaN,,NaN,,prac,None,None,1,1.49601699993946,146.426609699847,None,None,1,NaN,,NaN,,NaN,NaN,NaN,NaN,NaN,NaN,,NaN,NaN,306,2023-07-03_16h29.43.761,Main,2022.1.1,60.0329821059383
positive,blue,2,k,None,NaN,NaN,NaN,NaN,0,17,17,17,NaN,NaN,NaN,NaN,NaN,,NaN,,,NaN,NaN,,NaN,,NaN,,NaN,,NaN,,prac,k,k,1,0.652010299963877,148.923898299923,None,None,0,NaN,,NaN,,NaN,NaN,NaN,NaN,NaN,NaN,,NaN,NaN,306,2023-07-03_16h29.43.761,Main,2022.1.1,60.0329821059383
positive,blue,1,k,None,NaN,NaN,NaN,NaN,0,18,18,18,NaN,NaN,NaN,NaN,NaN,,NaN,,,NaN,NaN,,NaN,,NaN,,NaN,,NaN,,prac,k,k,1,0.74905959982425,150.576575800078,None,None,0,NaN,,NaN,,NaN,NaN,NaN,NaN,NaN,NaN,,NaN,NaN,306,2023-07-03_16h29.43.761,Main,2022.1.1,60.0329821059383
positive,yellow,1,None,k,NaN,NaN,NaN,NaN,0,19,19,19,NaN,NaN,NaN,NaN,NaN,,NaN,,,NaN,NaN,,NaN,,NaN,,NaN,,NaN,,prac,None,None,1,1.4987888999749,152.326496300055,None,None,1,NaN,,NaN,,NaN,NaN,NaN,NaN,NaN,NaN,,NaN,NaN,306,2023-07-03_16h29.43.761,Main,2022.1.1,60.0329821059383
negative,yellow,1,k,None,NaN,NaN,NaN,NaN,1,0,20,0,NaN,NaN,NaN,NaN,NaN,,NaN,,,NaN,NaN,,NaN,,NaN,,NaN,,NaN,,prac,k,k,1,0.716045200126246,154.826309799915,None,None,0,NaN,,NaN,,NaN,NaN,NaN,NaN,NaN,NaN,,NaN,NaN,306,2023-07-03_16h29.43.761,Main,2022.1.1,60.0329821059383
positive,red,2,None,None,NaN,NaN,NaN,NaN,1,1,21,1,NaN,NaN,NaN,NaN,NaN,,NaN,,,NaN,NaN,,NaN,,NaN,,NaN,,NaN,,prac,None,None,1,1.49641620018519,156.542980700033,None,None,1,NaN,,NaN,,NaN,NaN,NaN,NaN,NaN,NaN,,NaN,NaN,306,2023-07-03_16h29.43.761,Main,2022.1.1,60.0329821059383
negative,blue,2,None,k,NaN,NaN,NaN,NaN,1,2,22,2,NaN,NaN,NaN,NaN,NaN,,NaN,,,NaN,NaN,,NaN,,NaN,,NaN,,NaN,,prac,None,None,1,1.50169839989394,159.040434199851,None,None,1,NaN,,NaN,,NaN,NaN,NaN,NaN,NaN,NaN,,NaN,NaN,306,2023-07-03_16h29.43.761,Main,2022.1.1,60.0329821059383
positive,yellow,1,None,k,NaN,NaN,NaN,NaN,1,3,23,3,NaN,NaN,NaN,NaN,NaN,,NaN,,,NaN,NaN,,NaN,,NaN,,NaN,,NaN,,prac,None,None,1,1.50078759994358,161.543001099955,None,None,1,NaN,,NaN,,NaN,NaN,NaN,NaN,NaN,NaN,,NaN,NaN,306,2023-07-03_16h29.43.761,Main,2022.1.1,60.0329821059383
negative,blue,2,None,k,NaN,NaN,NaN,NaN,1,4,24,4,NaN,NaN,NaN,NaN,NaN,,NaN,,,NaN,NaN,,NaN,,NaN,,NaN,,NaN,,prac,None,None,1,1.4974376000464,164.042973599862,None,None,1,NaN,,NaN,,NaN,NaN,NaN,NaN,NaN,NaN,,NaN,NaN,306,2023-07-03_16h29.43.761,Main,2022.1.1,60.0329821059383
negative,blue,1,None,k,NaN,NaN,NaN,NaN,1,5,25,5,NaN,NaN,NaN,NaN,NaN,,NaN,,,NaN,NaN,,NaN,,NaN,,NaN,,NaN,,prac,None,None,1,1.49650759994984,166.542699799873,None,None,1,NaN,,NaN,,NaN,NaN,NaN,NaN,NaN,NaN,,NaN,NaN,306,2023-07-03_16h29.43.761,Main,2022.1.1,60.0329821059383
negative,yellow,2,k,None,NaN,NaN,NaN,NaN,1,6,26,6,NaN,NaN,NaN,NaN,NaN,,NaN,,,NaN,NaN,,NaN,,NaN,,NaN,,NaN,,prac,k,k,1,0.766089600045234,169.040158000076,None,None,0,NaN,,NaN,,NaN,NaN,NaN,NaN,NaN,NaN,,NaN,NaN,306,2023-07-03_16h29.43.761,Main,2022.1.1,60.0329821059383
negative,red,1,None,None,NaN,NaN,NaN,NaN,1,7,27,7,NaN,NaN,NaN,NaN,NaN,,NaN,,,NaN,NaN,,NaN,,NaN,,NaN,,NaN,,prac,None,None,1,1.50147940008901,170.806844600011,None,None,1,NaN,,NaN,,NaN,NaN,NaN,NaN,NaN,NaN,,NaN,NaN,306,2023-07-03_16h29.43.761,Main,2022.1.1,60.0329821059383
positive,yellow,2,None,k,NaN,NaN,NaN,NaN,1,8,28,8,NaN,NaN,NaN,NaN,NaN,,NaN,,,NaN,NaN,,NaN,,NaN,,NaN,,NaN,,prac,None,None,1,1.49650239991024,173.309397399891,None,None,1,NaN,,NaN,,NaN,NaN,NaN,NaN,NaN,NaN,,NaN,NaN,306,2023-07-03_16h29.43.761,Main,2022.1.1,60.0329821059383
negative,yellow,1,k,None,NaN,NaN,NaN,NaN,1,9,29,9,NaN,NaN,NaN,NaN,NaN,,NaN,,,NaN,NaN,,NaN,,NaN,,NaN,,NaN,,prac,k,k,1,1.01612939988263,175.806677500019,None,None,0,NaN,,NaN,,NaN,NaN,NaN,NaN,NaN,NaN,,NaN,NaN,306,2023-07-03_16h29.43.761,Main,2022.1.1,60.0329821059383
positive,yellow,2,None,k,NaN,NaN,NaN,NaN,1,10,30,10,NaN,NaN,NaN,NaN,NaN,,NaN,,,NaN,NaN,,NaN,,NaN,,NaN,,NaN,,prac,None,None,1,1.50160109996796,177.823331299936,None,None,1,NaN,,NaN,,NaN,NaN,NaN,NaN,NaN,NaN,,NaN,NaN,306,2023-07-03_16h29.43.761,Main,2022.1.1,60.0329821059383
negative,yellow,2,k,None,NaN,NaN,NaN,NaN,1,11,31,11,NaN,NaN,NaN,NaN,NaN,,NaN,,,NaN,NaN,,NaN,,NaN,,NaN,,NaN,,prac,k,k,1,0.699263300048187,180.32592029986,None,None,0,NaN,,NaN,,NaN,NaN,NaN,NaN,NaN,NaN,,NaN,NaN,306,2023-07-03_16h29.43.761,Main,2022.1.1,60.0329821059383
negative,red,2,None,None,NaN,NaN,NaN,NaN,1,12,32,12,NaN,NaN,NaN,NaN,NaN,,NaN,,,NaN,NaN,,NaN,,NaN,,NaN,,NaN,,prac,None,None,1,1.49639680003747,182.025943599874,None,None,1,NaN,,NaN,,NaN,NaN,NaN,NaN,NaN,NaN,,NaN,NaN,306,2023-07-03_16h29.43.761,Main,2022.1.1,60.0329821059383
positive,red,1,None,None,NaN,NaN,NaN,NaN,1,13,33,13,NaN,NaN,NaN,NaN,NaN,,NaN,,,NaN,NaN,,NaN,,NaN,,NaN,,NaN,,prac,None,None,1,1.50181779987179,184.523236299865,None,None,1,NaN,,NaN,,NaN,NaN,NaN,NaN,NaN,NaN,,NaN,NaN,306,2023-07-03_16h29.43.761,Main,2022.1.1,60.0329821059383
positive,blue,2,k,None,NaN,NaN,NaN,NaN,1,14,34,14,NaN,NaN,NaN,NaN,NaN,,NaN,,,NaN,NaN,,NaN,,NaN,,NaN,,NaN,,prac,k,k,1,0.783674899954349,187.025846400065,None,None,0,NaN,,NaN,,NaN,NaN,NaN,NaN,NaN,NaN,,NaN,NaN,306,2023-07-03_16h29.43.761,Main,2022.1.1,60.0329821059383
positive,blue,1,k,None,NaN,NaN,NaN,NaN,1,15,35,15,NaN,NaN,NaN,NaN,NaN,,NaN,,,NaN,NaN,,NaN,,NaN,,NaN,,NaN,,prac,k,k,1,0.62899240013212,188.809126700042,None,None,0,NaN,,NaN,,NaN,NaN,NaN,NaN,NaN,NaN,,NaN,NaN,306,2023-07-03_16h29.43.761,Main,2022.1.1,60.0329821059383
negative,blue,1,None,k,NaN,NaN,NaN,NaN,1,16,36,16,NaN,NaN,NaN,NaN,NaN,,NaN,,,NaN,NaN,,NaN,,NaN,,NaN,,NaN,,prac,None,None,1,1.50104329991154,190.442208699882,None,None,1,NaN,,NaN,,NaN,NaN,NaN,NaN,NaN,NaN,,NaN,NaN,306,2023-07-03_16h29.43.761,Main,2022.1.1,60.0329821059383
positive,blue,2,k,None,NaN,NaN,NaN,NaN,1,17,37,17,NaN,NaN,NaN,NaN,NaN,,NaN,,,NaN,NaN,,NaN,,NaN,,NaN,,NaN,,prac,k,k,1,0.713198299985379,192.942231199937,None,None,0,NaN,,NaN,,NaN,NaN,NaN,NaN,NaN,NaN,,NaN,NaN,306,2023-07-03_16h29.43.761,Main,2022.1.1,60.0329821059383
positive,blue,1,k,None,NaN,NaN,NaN,NaN,1,18,38,18,NaN,NaN,NaN,NaN,NaN,,NaN,,,NaN,NaN,,NaN,,NaN,,NaN,,NaN,,prac,k,k,1,0.699240100104362,194.6563265,None,None,0,NaN,,NaN,,NaN,NaN,NaN,NaN,NaN,NaN,,NaN,NaN,306,2023-07-03_16h29.43.761,Main,2022.1.1,60.0329821059383
positive,yellow,1,None,k,NaN,NaN,NaN,NaN,1,19,39,19,NaN,NaN,NaN,NaN,NaN,,NaN,,,NaN,NaN,,NaN,,NaN,,NaN,,NaN,,prac,None,None,1,1.50166539987549,196.356305700028,None,None,1,NaN,,NaN,,NaN,NaN,NaN,NaN,NaN,NaN,,NaN,NaN,306,2023-07-03_16h29.43.761,Main,2022.1.1,60.0329821059383
,,NaN,,,NaN,NaN,NaN,NaN,NaN,NaN,NaN,NaN,NaN,NaN,NaN,NaN,NaN,,NaN,,,NaN,NaN,,NaN,,NaN,,NaN,,NaN,,,,,NaN,NaN,NaN,,,NaN,198.858881599968,None,198.858881599968,None,0.121296294,-0.09259259,0,0,0,0.014227099949494,None,NaN,NaN,306,2023-07-03_16h29.43.761,Main,2022.1.1,60.0329821059383
negative,yellow,2,k,None,NaN,NaN,NaN,NaN,NaN,NaN,NaN,NaN,0,0,0,0,NaN,,NaN,,,NaN,NaN,,NaN,,NaN,,206.592045499943,None,206.592045499943,None,main,k,k,1,1.24600040004589,208.634973099921,None,None,0,NaN,,NaN,,NaN,NaN,NaN,NaN,NaN,NaN,,NaN,NaN,306,2023-07-03_16h29.43.761,Main,2022.1.1,60.0329821059383
positive,red,1,None,None,NaN,NaN,NaN,NaN,NaN,NaN,NaN,NaN,0,1,1,1,NaN,,NaN,,,NaN,NaN,,NaN,,NaN,,NaN,,NaN,,main,None,None,1,1.49874280020595,210.891929399921,None,None,1,NaN,,NaN,,NaN,NaN,NaN,NaN,NaN,NaN,,NaN,NaN,306,2023-07-03_16h29.43.761,Main,2022.1.1,60.0329821059383
positive,blue,2,k,None,NaN,NaN,NaN,NaN,NaN,NaN,NaN,NaN,0,2,2,2,NaN,,NaN,,,NaN,NaN,,NaN,,NaN,,NaN,,NaN,,main,k,k,1,0.663236499996856,213.391901799943,None,None,0,NaN,,NaN,,NaN,NaN,NaN,NaN,NaN,NaN,,NaN,NaN,306,2023-07-03_16h29.43.761,Main,2022.1.1,60.0329821059383
positive,blue,1,k,None,NaN,NaN,NaN,NaN,NaN,NaN,NaN,NaN,0,3,3,3,NaN,,NaN,,,NaN,NaN,,NaN,,NaN,,NaN,,NaN,,main,k,k,1,0.652047199895605,215.055883700028,None,None,0,NaN,,NaN,,NaN,NaN,NaN,NaN,NaN,NaN,,NaN,NaN,306,2023-07-03_16h29.43.761,Main,2022.1.1,60.0329821059383
negative,yellow,2,k,None,NaN,NaN,NaN,NaN,NaN,NaN,NaN,NaN,0,4,4,4,NaN,,NaN,,,NaN,NaN,,NaN,,NaN,,NaN,,NaN,,main,k,k,1,0.632428500102833,216.708569000009,None,None,0,NaN,,NaN,,NaN,NaN,NaN,NaN,NaN,NaN,,NaN,NaN,306,2023-07-03_16h29.43.761,Main,2022.1.1,60.0329821059383
positive,yellow,2,None,k,NaN,NaN,NaN,NaN,NaN,NaN,NaN,NaN,0,5,5,5,NaN,,NaN,,,NaN,NaN,,NaN,,NaN,,NaN,,NaN,,main,None,None,1,1.49886470008641,218.341884599999,None,None,1,NaN,,NaN,,NaN,NaN,NaN,NaN,NaN,NaN,,NaN,NaN,306,2023-07-03_16h29.43.761,Main,2022.1.1,60.0329821059383
negative,blue,2,None,k,NaN,NaN,NaN,NaN,NaN,NaN,NaN,NaN,0,6,6,6,NaN,,NaN,,,NaN,NaN,,NaN,,NaN,,NaN,,NaN,,main,None,None,1,1.49656300013885,220.839408299886,None,None,1,NaN,,NaN,,NaN,NaN,NaN,NaN,NaN,NaN,,NaN,NaN,306,2023-07-03_16h29.43.761,Main,2022.1.1,60.0329821059383
positive,red,2,None,None,NaN,NaN,NaN,NaN,NaN,NaN,NaN,NaN,0,7,7,7,NaN,,NaN,,,NaN,NaN,,NaN,,NaN,,NaN,,NaN,,main,None,None,1,1.50172320008278,223.339072600007,None,None,1,NaN,,NaN,,NaN,NaN,NaN,NaN,NaN,NaN,,NaN,NaN,306,2023-07-03_16h29.43.761,Main,2022.1.1,60.0329821059383
positive,yellow,1,None,k,NaN,NaN,NaN,NaN,NaN,NaN,NaN,NaN,0,8,8,8,NaN,,NaN,,,NaN,NaN,,NaN,,NaN,,NaN,,NaN,,main,None,None,1,1.49915280006826,225.841706499923,None,None,1,NaN,,NaN,,NaN,NaN,NaN,NaN,NaN,NaN,,NaN,NaN,306,2023-07-03_16h29.43.761,Main,2022.1.1,60.0329821059383
negative,red,1,None,None,NaN,NaN,NaN,NaN,NaN,NaN,NaN,NaN,0,9,9,9,NaN,,NaN,,,NaN,NaN,,NaN,,NaN,,NaN,,NaN,,main,None,None,1,1.4965204000473,228.341607199982,None,None,1,NaN,,NaN,,NaN,NaN,NaN,NaN,NaN,NaN,,NaN,NaN,306,2023-07-03_16h29.43.761,Main,2022.1.1,60.0329821059383
positive,yellow,1,None,k,NaN,NaN,NaN,NaN,NaN,NaN,NaN,NaN,0,10,10,10,NaN,,NaN,,,NaN,NaN,,NaN,,NaN,,NaN,,NaN,,main,None,None,1,1.50166330020875,230.838919299887,None,None,1,NaN,,NaN,,NaN,NaN,NaN,NaN,NaN,NaN,,NaN,NaN,306,2023-07-03_16h29.43.761,Main,2022.1.1,60.0329821059383
negative,yellow,1,k,None,NaN,NaN,NaN,NaN,NaN,NaN,NaN,NaN,0,11,11,11,NaN,,NaN,,,NaN,NaN,,NaN,,NaN,,NaN,,NaN,,main,k,k,1,0.599110799841583,233.341465899954,None,None,0,NaN,,NaN,,NaN,NaN,NaN,NaN,NaN,NaN,,NaN,NaN,306,2023-07-03_16h29.43.761,Main,2022.1.1,60.0329821059383
negative,yellow,1,k,None,NaN,NaN,NaN,NaN,NaN,NaN,NaN,NaN,0,12,12,12,NaN,,NaN,,,NaN,NaN,,NaN,,NaN,,NaN,,NaN,,main,k,k,1,0.630374899832532,234.941302999854,None,None,0,NaN,,NaN,,NaN,NaN,NaN,NaN,NaN,NaN,,NaN,NaN,306,2023-07-03_16h29.43.761,Main,2022.1.1,60.0329821059383
negative,red,2,None,None,NaN,NaN,NaN,NaN,NaN,NaN,NaN,NaN,0,13,13,13,NaN,,NaN,,,NaN,NaN,,NaN,,NaN,,NaN,,NaN,,main,None,None,1,1.49833019985817,236.574644099921,None,None,1,NaN,,NaN,,NaN,NaN,NaN,NaN,NaN,NaN,,NaN,NaN,306,2023-07-03_16h29.43.761,Main,2022.1.1,60.0329821059383
positive,yellow,2,None,k,NaN,NaN,NaN,NaN,NaN,NaN,NaN,NaN,0,14,14,14,NaN,,NaN,,,NaN,NaN,,NaN,,NaN,,NaN,,NaN,,main,None,None,1,1.50180179998279,239.072056300007,None,None,1,NaN,,NaN,,NaN,NaN,NaN,NaN,NaN,NaN,,NaN,NaN,306,2023-07-03_16h29.43.761,Main,2022.1.1,60.0329821059383
positive,blue,1,k,None,NaN,NaN,NaN,NaN,NaN,NaN,NaN,NaN,0,15,15,15,NaN,,NaN,,,NaN,NaN,,NaN,,NaN,,NaN,,NaN,,main,k,k,1,0.832761399913579,241.574673499912,None,None,0,NaN,,NaN,,NaN,NaN,NaN,NaN,NaN,NaN,,NaN,NaN,306,2023-07-03_16h29.43.761,Main,2022.1.1,60.0329821059383
negative,blue,1,None,k,NaN,NaN,NaN,NaN,NaN,NaN,NaN,NaN,0,16,16,16,NaN,,NaN,,,NaN,NaN,,NaN,,NaN,,NaN,,NaN,,main,None,None,1,1.49892209982499,243.407963499893,None,None,1,NaN,,NaN,,NaN,NaN,NaN,NaN,NaN,NaN,,NaN,NaN,306,2023-07-03_16h29.43.761,Main,2022.1.1,60.0329821059383
positive,blue,2,k,None,NaN,NaN,NaN,NaN,NaN,NaN,NaN,NaN,0,17,17,17,NaN,,NaN,,,NaN,NaN,,NaN,,NaN,,NaN,,NaN,,main,k,k,1,0.568851300049573,245.907708399929,None,None,0,NaN,,NaN,,NaN,NaN,NaN,NaN,NaN,NaN,,NaN,NaN,306,2023-07-03_16h29.43.761,Main,2022.1.1,60.0329821059383
negative,blue,2,None,k,NaN,NaN,NaN,NaN,NaN,NaN,NaN,NaN,0,18,18,18,NaN,,NaN,,,NaN,NaN,,NaN,,NaN,,NaN,,NaN,,main,None,None,1,1.49346020002849,247.480818199925,None,None,1,NaN,,NaN,,NaN,NaN,NaN,NaN,NaN,NaN,,NaN,NaN,306,2023-07-03_16h29.43.761,Main,2022.1.1,60.0329821059383
negative,blue,1,None,k,NaN,NaN,NaN,NaN,NaN,NaN,NaN,NaN,0,19,19,19,NaN,,NaN,,,NaN,NaN,,NaN,,NaN,,NaN,,NaN,,main,None,None,1,1.50190600007772,249.971834099852,None,None,1,NaN,,NaN,,NaN,NaN,NaN,NaN,NaN,NaN,,NaN,NaN,306,2023-07-03_16h29.43.761,Main,2022.1.1,60.0329821059383
negative,blue,1,None,k,NaN,NaN,NaN,NaN,NaN,NaN,NaN,NaN,0,20,20,20,NaN,,NaN,,,NaN,NaN,,NaN,,NaN,,NaN,,NaN,,main,None,None,1,1.49889729986899,252.474473499926,None,None,1,NaN,,NaN,,NaN,NaN,NaN,NaN,NaN,NaN,,NaN,NaN,306,2023-07-03_16h29.43.761,Main,2022.1.1,60.0329821059383
negative,blue,2,None,k,NaN,NaN,NaN,NaN,NaN,NaN,NaN,NaN,0,21,21,21,NaN,,NaN,,,NaN,NaN,,NaN,,NaN,,NaN,,NaN,,main,None,None,1,1.49657930014655,254.974423300009,None,None,1,NaN,,NaN,,NaN,NaN,NaN,NaN,NaN,NaN,,NaN,NaN,306,2023-07-03_16h29.43.761,Main,2022.1.1,60.0329821059383
negative,red,1,None,None,NaN,NaN,NaN,NaN,NaN,NaN,NaN,NaN,0,22,22,22,NaN,,NaN,,,NaN,NaN,,NaN,,NaN,,NaN,,NaN,,main,None,None,1,1.50184180005454,257.471739199944,None,None,1,NaN,,NaN,,NaN,NaN,NaN,NaN,NaN,NaN,,NaN,NaN,306,2023-07-03_16h29.43.761,Main,2022.1.1,60.0329821059383
positive,red,2,None,None,NaN,NaN,NaN,NaN,NaN,NaN,NaN,NaN,0,23,23,23,NaN,,NaN,,,NaN,NaN,,NaN,,NaN,,NaN,,NaN,,main,None,None,1,1.49899649992585,259.974279799964,None,None,1,NaN,,NaN,,NaN,NaN,NaN,NaN,NaN,NaN,,NaN,NaN,306,2023-07-03_16h29.43.761,Main,2022.1.1,60.0329821059383
negative,red,2,None,None,NaN,NaN,NaN,NaN,NaN,NaN,NaN,NaN,0,24,24,24,NaN,,NaN,,,NaN,NaN,,NaN,,NaN,,NaN,,NaN,,main,None,None,1,1.49654749990441,262.474120500032,None,None,1,NaN,,NaN,,NaN,NaN,NaN,NaN,NaN,NaN,,NaN,NaN,306,2023-07-03_16h29.43.761,Main,2022.1.1,60.0329821059383
positive,blue,2,k,None,NaN,NaN,NaN,NaN,NaN,NaN,NaN,NaN,0,25,25,25,NaN,,NaN,,,NaN,NaN,,NaN,,NaN,,NaN,,NaN,,main,k,k,1,0.71614190004766,264.97152599995,None,None,0,NaN,,NaN,,NaN,NaN,NaN,NaN,NaN,NaN,,NaN,NaN,306,2023-07-03_16h29.43.761,Main,2022.1.1,60.0329821059383
negative,yellow,1,k,None,NaN,NaN,NaN,NaN,NaN,NaN,NaN,NaN,0,26,26,26,NaN,,NaN,,,NaN,NaN,,NaN,,NaN,,NaN,,NaN,,main,k,k,1,0.718430600129068,266.688209099928,None,None,0,NaN,,NaN,,NaN,NaN,NaN,NaN,NaN,NaN,,NaN,NaN,306,2023-07-03_16h29.43.761,Main,2022.1.1,60.0329821059383
positive,blue,2,k,None,NaN,NaN,NaN,NaN,NaN,NaN,NaN,NaN,0,27,27,27,NaN,,NaN,,,NaN,NaN,,NaN,,NaN,,NaN,,NaN,,main,k,k,1,0.616709500085562,268.407451099949,None,None,0,NaN,,NaN,,NaN,NaN,NaN,NaN,NaN,NaN,,NaN,NaN,306,2023-07-03_16h29.43.761,Main,2022.1.1,60.0329821059383
negative,blue,2,None,k,NaN,NaN,NaN,NaN,NaN,NaN,NaN,NaN,0,28,28,28,NaN,,NaN,,,NaN,NaN,,NaN,,NaN,,NaN,,NaN,,main,None,None,1,1.49614940001629,270.024064299883,None,None,1,NaN,,NaN,,NaN,NaN,NaN,NaN,NaN,NaN,,NaN,NaN,306,2023-07-03_16h29.43.761,Main,2022.1.1,60.0329821059383
positive,red,1,None,None,NaN,NaN,NaN,NaN,NaN,NaN,NaN,NaN,0,29,29,29,NaN,,NaN,,,NaN,NaN,,NaN,,NaN,,NaN,,NaN,,main,None,None,1,1.50181260006502,272.52142419992,None,None,1,NaN,,NaN,,NaN,NaN,NaN,NaN,NaN,NaN,,NaN,NaN,306,2023-07-03_16h29.43.761,Main,2022.1.1,60.0329821059383
positive,blue,1,k,None,NaN,NaN,NaN,NaN,NaN,NaN,NaN,NaN,0,30,30,30,NaN,,NaN,,,NaN,NaN,,NaN,,NaN,,NaN,,NaN,,main,k,k,1,1.17956759990193,275.023949400056,None,None,0,NaN,,NaN,,NaN,NaN,NaN,NaN,NaN,NaN,,NaN,NaN,306,2023-07-03_16h29.43.761,Main,2022.1.1,60.0329821059383
positive,yellow,1,None,k,NaN,NaN,NaN,NaN,NaN,NaN,NaN,NaN,0,31,31,31,NaN,,NaN,,,NaN,NaN,,NaN,,NaN,,NaN,,NaN,,main,None,None,1,1.49843909987248,277.207069499884,None,None,1,NaN,,NaN,,NaN,NaN,NaN,NaN,NaN,NaN,,NaN,NaN,306,2023-07-03_16h29.43.761,Main,2022.1.1,60.0329821059383
negative,yellow,2,k,None,NaN,NaN,NaN,NaN,NaN,NaN,NaN,NaN,0,32,32,32,NaN,,NaN,,,NaN,NaN,,NaN,,NaN,,NaN,,NaN,,main,k,k,1,0.632752200122923,279.704535899917,None,None,0,NaN,,NaN,,NaN,NaN,NaN,NaN,NaN,NaN,,NaN,NaN,306,2023-07-03_16h29.43.761,Main,2022.1.1,60.0329821059383
negative,blue,1,None,k,NaN,NaN,NaN,NaN,NaN,NaN,NaN,NaN,0,33,33,33,NaN,,NaN,,,NaN,NaN,,NaN,,NaN,,NaN,,NaN,,main,None,None,1,1.50173599994741,281.337830599863,None,None,1,NaN,,NaN,,NaN,NaN,NaN,NaN,NaN,NaN,,NaN,NaN,306,2023-07-03_16h29.43.761,Main,2022.1.1,60.0329821059383
positive,blue,1,k,None,NaN,NaN,NaN,NaN,NaN,NaN,NaN,NaN,0,34,34,34,NaN,,NaN,,,NaN,NaN,,NaN,,NaN,,NaN,,NaN,,main,k,k,1,0.667854500003159,283.840509000001,None,None,0,NaN,,NaN,,NaN,NaN,NaN,NaN,NaN,NaN,,NaN,NaN,306,2023-07-03_16h29.43.761,Main,2022.1.1,60.0329821059383
negative,yellow,1,k,None,NaN,NaN,NaN,NaN,NaN,NaN,NaN,NaN,0,35,35,35,NaN,,NaN,,,NaN,NaN,,NaN,,NaN,,NaN,,NaN,,main,k,k,1,0.79435500013642,285.511562099913,None,None,0,NaN,,NaN,,NaN,NaN,NaN,NaN,NaN,NaN,,NaN,NaN,306,2023-07-03_16h29.43.761,Main,2022.1.1,60.0329821059383
positive,yellow,2,None,k,NaN,NaN,NaN,NaN,NaN,NaN,NaN,NaN,0,36,36,36,NaN,,NaN,,,NaN,NaN,,NaN,,NaN,,NaN,,NaN,,main,None,None,1,1.50170959997922,287.304411899997,None,None,1,NaN,,NaN,,NaN,NaN,NaN,NaN,NaN,NaN,,NaN,NaN,306,2023-07-03_16h29.43.761,Main,2022.1.1,60.0329821059383
positive,yellow,2,None,k,NaN,NaN,NaN,NaN,NaN,NaN,NaN,NaN,0,37,37,37,NaN,,NaN,,,NaN,NaN,,NaN,,NaN,,NaN,,NaN,,main,None,None,1,1.49634700012393,289.807066000067,None,None,1,NaN,,NaN,,NaN,NaN,NaN,NaN,NaN,NaN,,NaN,NaN,306,2023-07-03_16h29.43.761,Main,2022.1.1,60.0329821059383
negative,yellow,2,k,None,NaN,NaN,NaN,NaN,NaN,NaN,NaN,NaN,0,38,38,38,NaN,,NaN,,,NaN,NaN,,NaN,,NaN,,NaN,,NaN,,main,k,k,1,0.616122599923983,292.304281299934,None,None,0,NaN,,NaN,,NaN,NaN,NaN,NaN,NaN,NaN,,NaN,NaN,306,2023-07-03_16h29.43.761,Main,2022.1.1,60.0329821059383
positive,yellow,1,None,k,NaN,NaN,NaN,NaN,NaN,NaN,NaN,NaN,0,39,39,39,NaN,,NaN,,,NaN,NaN,,NaN,,NaN,,NaN,,NaN,,main,None,None,1,1.5016340999864,293.920965000056,None,None,1,NaN,,NaN,,NaN,NaN,NaN,NaN,NaN,NaN,,NaN,NaN,306,2023-07-03_16h29.43.761,Main,2022.1.1,60.0329821059383
negative,yellow,2,k,None,NaN,NaN,NaN,NaN,NaN,NaN,NaN,NaN,0,40,40,40,NaN,,NaN,,,NaN,NaN,,NaN,,NaN,,NaN,,NaN,,main,k,k,1,0.613234499935061,296.423531800043,None,None,0,NaN,,NaN,,NaN,NaN,NaN,NaN,NaN,NaN,,NaN,NaN,306,2023-07-03_16h29.43.761,Main,2022.1.1,60.0329821059383
positive,blue,2,k,None,NaN,NaN,NaN,NaN,NaN,NaN,NaN,NaN,0,41,41,41,NaN,,NaN,,,NaN,NaN,,NaN,,NaN,,NaN,,NaN,,main,k,k,1,0.632664100034162,298.037490600022,None,None,0,NaN,,NaN,,NaN,NaN,NaN,NaN,NaN,NaN,,NaN,NaN,306,2023-07-03_16h29.43.761,Main,2022.1.1,60.0329821059383
positive,blue,2,k,None,NaN,NaN,NaN,NaN,NaN,NaN,NaN,NaN,0,42,42,42,NaN,,NaN,,,NaN,NaN,,NaN,,NaN,,NaN,,NaN,,main,k,k,1,0.635316099971533,299.670863299863,None,None,0,NaN,,NaN,,NaN,NaN,NaN,NaN,NaN,NaN,,NaN,NaN,306,2023-07-03_16h29.43.761,Main,2022.1.1,60.0329821059383
negative,blue,2,None,k,NaN,NaN,NaN,NaN,NaN,NaN,NaN,NaN,0,43,43,43,NaN,,NaN,,,NaN,NaN,,NaN,,NaN,,NaN,,NaN,,main,None,None,1,1.49602319998667,301.306708599906,None,None,1,NaN,,NaN,,NaN,NaN,NaN,NaN,NaN,NaN,,NaN,NaN,306,2023-07-03_16h29.43.761,Main,2022.1.1,60.0329821059383
negative,red,1,None,None,NaN,NaN,NaN,NaN,NaN,NaN,NaN,NaN,0,44,44,44,NaN,,NaN,,,NaN,NaN,,NaN,,NaN,,NaN,,NaN,,main,None,None,1,1.49922500015236,303.804049500031,None,None,1,NaN,,NaN,,NaN,NaN,NaN,NaN,NaN,NaN,,NaN,NaN,306,2023-07-03_16h29.43.761,Main,2022.1.1,60.0329821059383
negative,yellow,1,k,None,NaN,NaN,NaN,NaN,NaN,NaN,NaN,NaN,0,45,45,45,NaN,,NaN,,,NaN,NaN,,NaN,,NaN,,NaN,,NaN,,main,k,k,1,0.719694000203162,306.304053799948,None,None,0,NaN,,NaN,,NaN,NaN,NaN,NaN,NaN,NaN,,NaN,NaN,306,2023-07-03_16h29.43.761,Main,2022.1.1,60.0329821059383
negative,yellow,1,k,None,NaN,NaN,NaN,NaN,NaN,NaN,NaN,NaN,0,46,46,46,NaN,,NaN,,,NaN,NaN,,NaN,,NaN,,NaN,,NaN,,main,k,k,1,0.764680899912491,308.023304499919,None,None,0,NaN,,NaN,,NaN,NaN,NaN,NaN,NaN,NaN,,NaN,NaN,306,2023-07-03_16h29.43.761,Main,2022.1.1,60.0329821059383
positive,red,1,None,None,NaN,NaN,NaN,NaN,NaN,NaN,NaN,NaN,0,47,47,47,NaN,,NaN,,,NaN,NaN,,NaN,,NaN,,NaN,,NaN,,main,None,None,1,1.49915210017934,309.789720000001,None,None,1,NaN,,NaN,,NaN,NaN,NaN,NaN,NaN,NaN,,NaN,NaN,306,2023-07-03_16h29.43.761,Main,2022.1.1,60.0329821059383
positive,yellow,1,None,k,NaN,NaN,NaN,NaN,NaN,NaN,NaN,NaN,0,48,48,48,NaN,,NaN,,,NaN,NaN,,NaN,,NaN,,NaN,,NaN,,main,None,None,1,1.49646509997547,312.289746299852,None,None,1,NaN,,NaN,,NaN,NaN,NaN,NaN,NaN,NaN,,NaN,NaN,306,2023-07-03_16h29.43.761,Main,2022.1.1,60.0329821059383
negative,blue,1,None,k,NaN,NaN,NaN,NaN,NaN,NaN,NaN,NaN,0,49,49,49,NaN,,NaN,,,NaN,NaN,,NaN,,NaN,,NaN,,NaN,,main,None,None,1,1.50196140003391,314.787203599932,None,None,1,NaN,,NaN,,NaN,NaN,NaN,NaN,NaN,NaN,,NaN,NaN,306,2023-07-03_16h29.43.761,Main,2022.1.1,60.0329821059383
positive,yellow,2,None,k,NaN,NaN,NaN,NaN,NaN,NaN,NaN,NaN,0,50,50,50,NaN,,NaN,,,NaN,NaN,,NaN,,NaN,,NaN,,NaN,,main,None,None,1,1.49901179992594,317.289861700032,None,None,1,NaN,,NaN,,NaN,NaN,NaN,NaN,NaN,NaN,,NaN,NaN,306,2023-07-03_16h29.43.761,Main,2022.1.1,60.0329821059383
negative,blue,1,None,k,NaN,NaN,NaN,NaN,NaN,NaN,NaN,NaN,0,51,51,51,NaN,,NaN,,,NaN,NaN,,NaN,,NaN,,NaN,,NaN,,main,None,None,1,1.49638599995524,319.789714100072,None,None,1,NaN,,NaN,,NaN,NaN,NaN,NaN,NaN,NaN,,NaN,NaN,306,2023-07-03_16h29.43.761,Main,2022.1.1,60.0329821059383
positive,red,2,None,None,NaN,NaN,NaN,NaN,NaN,NaN,NaN,NaN,0,52,52,52,NaN,,NaN,,,NaN,NaN,,NaN,,NaN,,NaN,,NaN,,main,None,None,1,1.49913210002705,322.287061699899,None,None,1,NaN,,NaN,,NaN,NaN,NaN,NaN,NaN,NaN,,NaN,NaN,306,2023-07-03_16h29.43.761,Main,2022.1.1,60.0329821059383
positive,yellow,2,None,k,NaN,NaN,NaN,NaN,NaN,NaN,NaN,NaN,0,53,53,53,NaN,,NaN,,,NaN,NaN,,NaN,,NaN,,NaN,,NaN,,main,None,None,1,1.50169710000046,324.787016100017,None,None,1,NaN,,NaN,,NaN,NaN,NaN,NaN,NaN,NaN,,NaN,NaN,306,2023-07-03_16h29.43.761,Main,2022.1.1,60.0329821059383
negative,red,2,None,None,NaN,NaN,NaN,NaN,NaN,NaN,NaN,NaN,0,54,54,54,NaN,,NaN,,,NaN,NaN,,NaN,,NaN,,NaN,,NaN,,main,None,None,1,1.4988162999507,327.289643599885,None,None,1,NaN,,NaN,,NaN,NaN,NaN,NaN,NaN,NaN,,NaN,NaN,306,2023-07-03_16h29.43.761,Main,2022.1.1,60.0329821059383
positive,yellow,1,None,k,NaN,NaN,NaN,NaN,NaN,NaN,NaN,NaN,0,55,55,55,NaN,,NaN,,,NaN,NaN,,NaN,,NaN,,NaN,,NaN,,main,None,None,1,1.49941119994037,329.789408599958,None,None,1,NaN,,NaN,,NaN,NaN,NaN,NaN,NaN,NaN,,NaN,NaN,306,2023-07-03_16h29.43.761,Main,2022.1.1,60.0329821059383
negative,blue,2,None,k,NaN,NaN,NaN,NaN,NaN,NaN,NaN,NaN,0,56,56,56,NaN,,NaN,,,NaN,NaN,,NaN,,NaN,,NaN,,NaN,,main,None,None,1,1.49636780004948,332.292312700069,None,None,1,NaN,,NaN,,NaN,NaN,NaN,NaN,NaN,NaN,,NaN,NaN,306,2023-07-03_16h29.43.761,Main,2022.1.1,60.0329821059383
positive,blue,1,k,None,NaN,NaN,NaN,NaN,NaN,NaN,NaN,NaN,0,57,57,57,NaN,,NaN,,,NaN,NaN,,NaN,,NaN,,NaN,,NaN,,main,k,k,1,0.75194129999727,334.786784699885,None,None,0,NaN,,NaN,,NaN,NaN,NaN,NaN,NaN,NaN,,NaN,NaN,306,2023-07-03_16h29.43.761,Main,2022.1.1,60.0329821059383
positive,blue,1,k,None,NaN,NaN,NaN,NaN,NaN,NaN,NaN,NaN,0,58,58,58,NaN,,NaN,,,NaN,NaN,,NaN,,NaN,,NaN,,NaN,,main,k,k,1,0.665863099973649,336.53937350004,None,None,0,NaN,,NaN,,NaN,NaN,NaN,NaN,NaN,NaN,,NaN,NaN,306,2023-07-03_16h29.43.761,Main,2022.1.1,60.0329821059383
negative,yellow,2,k,None,NaN,NaN,NaN,NaN,NaN,NaN,NaN,NaN,0,59,59,59,NaN,,NaN,,,NaN,NaN,,NaN,,NaN,,NaN,,NaN,,main,k,k,1,0.614110699854791,338.206011499977,None,None,0,NaN,,NaN,,NaN,NaN,NaN,NaN,NaN,NaN,,NaN,NaN,306,2023-07-03_16h29.43.761,Main,2022.1.1,60.0329821059383
positive,red,2,None,None,NaN,NaN,NaN,NaN,NaN,NaN,NaN,NaN,0,60,60,60,NaN,,NaN,,,NaN,NaN,,NaN,,NaN,,NaN,,NaN,,main,None,None,1,1.50149960000999,339.819981999928,None,None,1,NaN,,NaN,,NaN,NaN,NaN,NaN,NaN,NaN,,NaN,NaN,306,2023-07-03_16h29.43.761,Main,2022.1.1,60.0329821059383
negative,yellow,1,k,None,NaN,NaN,NaN,NaN,NaN,NaN,NaN,NaN,0,61,61,61,NaN,,NaN,,,NaN,NaN,,NaN,,NaN,,NaN,,NaN,,main,k,k,1,0.681985800154507,342.322593099903,None,None,0,NaN,,NaN,,NaN,NaN,NaN,NaN,NaN,NaN,,NaN,NaN,306,2023-07-03_16h29.43.761,Main,2022.1.1,60.0329821059383
negative,red,1,None,None,NaN,NaN,NaN,NaN,NaN,NaN,NaN,NaN,0,62,62,62,NaN,,NaN,,,NaN,NaN,,NaN,,NaN,,NaN,,NaN,,main,None,None,1,1.49633569992147,344.005933000008,None,None,1,NaN,,NaN,,NaN,NaN,NaN,NaN,NaN,NaN,,NaN,NaN,306,2023-07-03_16h29.43.761,Main,2022.1.1,60.0329821059383
negative,blue,1,None,k,NaN,NaN,NaN,NaN,NaN,NaN,NaN,NaN,0,63,63,63,NaN,,NaN,,,NaN,NaN,,NaN,,NaN,,NaN,,NaN,,main,None,None,1,1.50178849999793,346.50316349999,None,None,1,NaN,,NaN,,NaN,NaN,NaN,NaN,NaN,NaN,,NaN,NaN,306,2023-07-03_16h29.43.761,Main,2022.1.1,60.0329821059383
positive,blue,2,k,None,NaN,NaN,NaN,NaN,NaN,NaN,NaN,NaN,0,64,64,64,NaN,,NaN,,,NaN,NaN,,NaN,,NaN,,NaN,,NaN,,main,k,k,1,0.61862919991836,349.005818800069,None,None,0,NaN,,NaN,,NaN,NaN,NaN,NaN,NaN,NaN,,NaN,NaN,306,2023-07-03_16h29.43.761,Main,2022.1.1,60.0329821059383
negative,yellow,2,k,None,NaN,NaN,NaN,NaN,NaN,NaN,NaN,NaN,0,65,65,65,NaN,,NaN,,,NaN,NaN,,NaN,,NaN,,NaN,,NaN,,main,k,k,1,0.610551299992949,350.62782399985,None,None,0,NaN,,NaN,,NaN,NaN,NaN,NaN,NaN,NaN,,NaN,NaN,306,2023-07-03_16h29.43.761,Main,2022.1.1,60.0329821059383
positive,yellow,2,None,k,NaN,NaN,NaN,NaN,NaN,NaN,NaN,NaN,0,66,66,66,NaN,,NaN,,,NaN,NaN,,NaN,,NaN,,NaN,,NaN,,main,None,None,1,1.50175629998557,352.236384300049,None,None,1,NaN,,NaN,,NaN,NaN,NaN,NaN,NaN,NaN,,NaN,NaN,306,2023-07-03_16h29.43.761,Main,2022.1.1,60.0329821059383
positive,yellow,2,None,k,NaN,NaN,NaN,NaN,NaN,NaN,NaN,NaN,0,67,67,67,NaN,,NaN,,,NaN,NaN,,NaN,,NaN,,NaN,,NaN,,main,None,None,1,1.49621360003948,354.739069700008,None,None,1,NaN,,NaN,,NaN,NaN,NaN,NaN,NaN,NaN,,NaN,NaN,306,2023-07-03_16h29.43.761,Main,2022.1.1,60.0329821059383
positive,red,1,None,None,NaN,NaN,NaN,NaN,NaN,NaN,NaN,NaN,0,68,68,68,NaN,,NaN,,,NaN,NaN,,NaN,,NaN,,NaN,,NaN,,main,None,None,1,1.50187409995124,357.236295900075,None,None,1,NaN,,NaN,,NaN,NaN,NaN,NaN,NaN,NaN,,NaN,NaN,306,2023-07-03_16h29.43.761,Main,2022.1.1,60.0329821059383
positive,yellow,1,None,k,NaN,NaN,NaN,NaN,NaN,NaN,NaN,NaN,0,69,69,69,NaN,,NaN,,,NaN,NaN,,NaN,,NaN,,NaN,,NaN,,main,None,None,1,1.49915279983543,359.738889300032,None,None,1,NaN,,NaN,,NaN,NaN,NaN,NaN,NaN,NaN,,NaN,NaN,306,2023-07-03_16h29.43.761,Main,2022.1.1,60.0329821059383
negative,yellow,2,k,None,NaN,NaN,NaN,NaN,NaN,NaN,NaN,NaN,0,70,70,70,NaN,,NaN,,,NaN,NaN,,NaN,,NaN,,NaN,,NaN,,main,k,k,1,0.64655250008218,362.238829700043,None,None,0,NaN,,NaN,,NaN,NaN,NaN,NaN,NaN,NaN,,NaN,NaN,306,2023-07-03_16h29.43.761,Main,2022.1.1,60.0329821059383
positive,yellow,1,None,k,NaN,NaN,NaN,NaN,NaN,NaN,NaN,NaN,0,71,71,71,NaN,,NaN,,,NaN,NaN,,NaN,,NaN,,NaN,,NaN,,main,None,None,1,1.50172709999606,363.886149100028,None,None,1,NaN,,NaN,,NaN,NaN,NaN,NaN,NaN,NaN,,NaN,NaN,306,2023-07-03_16h29.43.761,Main,2022.1.1,60.0329821059383
negative,blue,1,None,k,NaN,NaN,NaN,NaN,NaN,NaN,NaN,NaN,0,72,72,72,NaN,,NaN,,,NaN,NaN,,NaN,,NaN,,NaN,,NaN,,main,None,None,1,1.49664669996127,366.388736800058,None,None,1,NaN,,NaN,,NaN,NaN,NaN,NaN,NaN,NaN,,NaN,NaN,306,2023-07-03_16h29.43.761,Main,2022.1.1,60.0329821059383
negative,red,2,None,None,NaN,NaN,NaN,NaN,NaN,NaN,NaN,NaN,0,73,73,73,NaN,,NaN,,,NaN,NaN,,NaN,,NaN,,NaN,,NaN,,main,None,None,1,1.5014784000814,368.891762000043,None,None,1,NaN,,NaN,,NaN,NaN,NaN,NaN,NaN,NaN,,NaN,NaN,306,2023-07-03_16h29.43.761,Main,2022.1.1,60.0329821059383
positive,blue,2,k,None,NaN,NaN,NaN,NaN,NaN,NaN,NaN,NaN,0,74,74,74,NaN,,NaN,,,NaN,NaN,,NaN,,NaN,,NaN,,NaN,,main,k,k,1,0.579972499981523,371.388563500019,None,None,0,NaN,,NaN,,NaN,NaN,NaN,NaN,NaN,NaN,,NaN,NaN,306,2023-07-03_16h29.43.761,Main,2022.1.1,60.0329821059383
negative,blue,2,None,k,NaN,NaN,NaN,NaN,NaN,NaN,NaN,NaN,0,75,75,75,NaN,,NaN,,,NaN,NaN,,NaN,,NaN,,NaN,,NaN,,main,None,None,1,1.50168489990756,372.969286199892,None,None,1,NaN,,NaN,,NaN,NaN,NaN,NaN,NaN,NaN,,NaN,NaN,306,2023-07-03_16h29.43.761,Main,2022.1.1,60.0329821059383
negative,blue,2,None,k,NaN,NaN,NaN,NaN,NaN,NaN,NaN,NaN,0,76,76,76,NaN,,NaN,,,NaN,NaN,,NaN,,NaN,,NaN,,NaN,,main,None,None,1,1.49649379984476,375.471916199895,None,None,1,NaN,,NaN,,NaN,NaN,NaN,NaN,NaN,NaN,,NaN,NaN,306,2023-07-03_16h29.43.761,Main,2022.1.1,60.0329821059383
negative,yellow,1,k,None,NaN,NaN,NaN,NaN,NaN,NaN,NaN,NaN,0,77,77,77,NaN,,NaN,,,NaN,NaN,,NaN,,NaN,,NaN,,NaN,,main,k,k,1,0.699112300062552,377.969156000065,None,None,0,NaN,,NaN,,NaN,NaN,NaN,NaN,NaN,NaN,,NaN,NaN,306,2023-07-03_16h29.43.761,Main,2022.1.1,60.0329821059383
positive,blue,1,k,None,NaN,NaN,NaN,NaN,NaN,NaN,NaN,NaN,0,78,78,78,NaN,,NaN,,,NaN,NaN,,NaN,,NaN,,NaN,,NaN,,main,k,k,1,0.818365399958566,379.669141599908,None,None,0,NaN,,NaN,,NaN,NaN,NaN,NaN,NaN,NaN,,NaN,NaN,306,2023-07-03_16h29.43.761,Main,2022.1.1,60.0329821059383
positive,blue,1,k,None,NaN,NaN,NaN,NaN,NaN,NaN,NaN,NaN,0,79,79,79,NaN,,NaN,,,NaN,NaN,,NaN,,NaN,,NaN,,NaN,,main,k,k,1,0.532467199955136,381.488405700075,None,None,0,NaN,,NaN,,NaN,NaN,NaN,NaN,NaN,NaN,,NaN,NaN,306,2023-07-03_16h29.43.761,Main,2022.1.1,60.0329821059383
positive,red,2,None,None,NaN,NaN,NaN,NaN,NaN,NaN,NaN,NaN,0,80,80,80,NaN,,NaN,,,NaN,NaN,,NaN,,NaN,,NaN,,NaN,,main,None,None,1,1.49626799998805,383.021729399916,None,None,1,NaN,,NaN,,NaN,NaN,NaN,NaN,NaN,NaN,,NaN,NaN,306,2023-07-03_16h29.43.761,Main,2022.1.1,60.0329821059383
positive,yellow,2,None,k,NaN,NaN,NaN,NaN,NaN,NaN,NaN,NaN,0,81,81,81,NaN,,NaN,,,NaN,NaN,,NaN,,NaN,,NaN,,NaN,,main,None,None,1,1.50185340014286,385.519017499872,None,None,1,NaN,,NaN,,NaN,NaN,NaN,NaN,NaN,NaN,,NaN,NaN,306,2023-07-03_16h29.43.761,Main,2022.1.1,60.0329821059383
positive,blue,1,k,None,NaN,NaN,NaN,NaN,NaN,NaN,NaN,NaN,0,82,82,82,NaN,,NaN,,,NaN,NaN,,NaN,,NaN,,NaN,,NaN,,main,k,k,1,0.66616820008494,388.021642799955,None,None,0,NaN,,NaN,,NaN,NaN,NaN,NaN,NaN,NaN,,NaN,NaN,306,2023-07-03_16h29.43.761,Main,2022.1.1,60.0329821059383
negative,yellow,2,k,None,NaN,NaN,NaN,NaN,NaN,NaN,NaN,NaN,0,83,83,83,NaN,,NaN,,,NaN,NaN,,NaN,,NaN,,NaN,,NaN,,main,k,k,1,0.579810600029305,389.688337099971,None,None,0,NaN,,NaN,,NaN,NaN,NaN,NaN,NaN,NaN,,NaN,NaN,306,2023-07-03_16h29.43.761,Main,2022.1.1,60.0329821059383
positive,blue,2,k,None,NaN,NaN,NaN,NaN,NaN,NaN,NaN,NaN,0,84,84,84,NaN,,NaN,,,NaN,NaN,,NaN,,NaN,,NaN,,NaN,,main,k,k,1,0.685084499884397,391.268914900022,None,None,0,NaN,,NaN,,NaN,NaN,NaN,NaN,NaN,NaN,,NaN,NaN,306,2023-07-03_16h29.43.761,Main,2022.1.1,60.0329821059383
positive,yellow,1,None,k,NaN,NaN,NaN,NaN,NaN,NaN,NaN,NaN,0,85,85,85,NaN,,NaN,,,NaN,NaN,,NaN,,NaN,,NaN,,NaN,,main,None,None,1,1.4990739999339,392.954888999928,None,None,1,NaN,,NaN,,NaN,NaN,NaN,NaN,NaN,NaN,,NaN,NaN,306,2023-07-03_16h29.43.761,Main,2022.1.1,60.0329821059383
positive,blue,2,k,None,NaN,NaN,NaN,NaN,NaN,NaN,NaN,NaN,0,86,86,86,NaN,,NaN,,,NaN,NaN,,NaN,,NaN,,NaN,,NaN,,main,k,k,1,0.796617500018328,395.454843400046,None,None,0,NaN,,NaN,,NaN,NaN,NaN,NaN,NaN,NaN,,NaN,NaN,306,2023-07-03_16h29.43.761,Main,2022.1.1,60.0329821059383
positive,blue,1,k,None,NaN,NaN,NaN,NaN,NaN,NaN,NaN,NaN,0,87,87,87,NaN,,NaN,,,NaN,NaN,,NaN,,NaN,,NaN,,NaN,,main,k,k,1,0.70200219983235,397.252120499965,None,None,0,NaN,,NaN,,NaN,NaN,NaN,NaN,NaN,NaN,,NaN,NaN,306,2023-07-03_16h29.43.761,Main,2022.1.1,60.0329821059383
negative,yellow,2,k,None,NaN,NaN,NaN,NaN,NaN,NaN,NaN,NaN,0,88,88,88,NaN,,NaN,,,NaN,NaN,,NaN,,NaN,,NaN,,NaN,,main,k,k,1,1.18016620003618,398.954794700025,None,None,0,NaN,,NaN,,NaN,NaN,NaN,NaN,NaN,NaN,,NaN,NaN,306,2023-07-03_16h29.43.761,Main,2022.1.1,60.0329821059383
negative,blue,2,None,k,NaN,NaN,NaN,NaN,NaN,NaN,NaN,NaN,0,89,89,89,NaN,,NaN,,,NaN,NaN,,NaN,,NaN,,NaN,,NaN,,main,None,None,1,1.49833890004084,401.138028400019,None,None,1,NaN,,NaN,,NaN,NaN,NaN,NaN,NaN,NaN,,NaN,NaN,306,2023-07-03_16h29.43.761,Main,2022.1.1,60.0329821059383
positive,yellow,2,None,k,NaN,NaN,NaN,NaN,NaN,NaN,NaN,NaN,0,90,90,90,NaN,,NaN,,,NaN,NaN,,NaN,,NaN,,NaN,,NaN,,main,None,None,1,1.50192219996825,403.635312299943,None,None,1,NaN,,NaN,,NaN,NaN,NaN,NaN,NaN,NaN,,NaN,NaN,306,2023-07-03_16h29.43.761,Main,2022.1.1,60.0329821059383
negative,yellow,1,k,None,NaN,NaN,NaN,NaN,NaN,NaN,NaN,NaN,0,91,91,91,NaN,,NaN,,,NaN,NaN,,NaN,,NaN,,NaN,,NaN,,main,k,k,1,0.749274200061336,406.137907499913,None,None,0,NaN,,NaN,,NaN,NaN,NaN,NaN,NaN,NaN,,NaN,NaN,306,2023-07-03_16h29.43.761,Main,2022.1.1,60.0329821059383
negative,red,2,None,None,NaN,NaN,NaN,NaN,NaN,NaN,NaN,NaN,0,92,92,92,NaN,,NaN,,,NaN,NaN,,NaN,,NaN,,NaN,,NaN,,main,None,None,1,1.49627709994093,407.887877600035,None,None,1,NaN,,NaN,,NaN,NaN,NaN,NaN,NaN,NaN,,NaN,NaN,306,2023-07-03_16h29.43.761,Main,2022.1.1,60.0329821059383
negative,blue,2,None,k,NaN,NaN,NaN,NaN,NaN,NaN,NaN,NaN,0,93,93,93,NaN,,NaN,,,NaN,NaN,,NaN,,NaN,,NaN,,NaN,,main,None,None,1,1.50182259990834,410.385223599849,None,None,1,NaN,,NaN,,NaN,NaN,NaN,NaN,NaN,NaN,,NaN,NaN,306,2023-07-03_16h29.43.761,Main,2022.1.1,60.0329821059383
negative,blue,1,None,k,NaN,NaN,NaN,NaN,NaN,NaN,NaN,NaN,0,94,94,94,NaN,,NaN,,,NaN,NaN,,NaN,,NaN,,NaN,,NaN,,main,None,None,1,1.49650629982352,412.887760099955,None,None,1,NaN,,NaN,,NaN,NaN,NaN,NaN,NaN,NaN,,NaN,NaN,306,2023-07-03_16h29.43.761,Main,2022.1.1,60.0329821059383
negative,blue,1,None,k,NaN,NaN,NaN,NaN,NaN,NaN,NaN,NaN,0,95,95,95,NaN,,NaN,,,NaN,NaN,,NaN,,NaN,,NaN,,NaN,,main,None,None,1,1.50192989991046,415.385062200017,None,None,1,NaN,,NaN,,NaN,NaN,NaN,NaN,NaN,NaN,,NaN,NaN,306,2023-07-03_16h29.43.761,Main,2022.1.1,60.0329821059383
negative,red,1,None,None,NaN,NaN,NaN,NaN,NaN,NaN,NaN,NaN,0,96,96,96,NaN,,NaN,,,NaN,NaN,,NaN,,NaN,,NaN,,NaN,,main,None,None,1,1.49639109987766,417.887693600031,None,None,1,NaN,,NaN,,NaN,NaN,NaN,NaN,NaN,NaN,,NaN,NaN,306,2023-07-03_16h29.43.761,Main,2022.1.1,60.0329821059383
positive,yellow,1,None,k,NaN,NaN,NaN,NaN,NaN,NaN,NaN,NaN,0,97,97,97,NaN,,NaN,,,NaN,NaN,,NaN,,NaN,,NaN,,NaN,,main,None,None,1,1.49909979989752,420.384963599965,None,None,1,NaN,,NaN,,NaN,NaN,NaN,NaN,NaN,NaN,,NaN,NaN,306,2023-07-03_16h29.43.761,Main,2022.1.1,60.0329821059383
negative,yellow,1,k,None,NaN,NaN,NaN,NaN,NaN,NaN,NaN,NaN,0,98,98,98,NaN,,NaN,,,NaN,NaN,,NaN,,NaN,,NaN,,NaN,,main,k,k,1,0.735395100200549,422.884990700055,None,None,0,NaN,,NaN,,NaN,NaN,NaN,NaN,NaN,NaN,,NaN,NaN,306,2023-07-03_16h29.43.761,Main,2022.1.1,60.0329821059383
positive,red,1,None,None,NaN,NaN,NaN,NaN,NaN,NaN,NaN,NaN,0,99,99,99,NaN,,NaN,,,NaN,NaN,,NaN,,NaN,,NaN,,NaN,,main,None,None,1,1.49626669986174,424.620918500004,None,None,1,NaN,,NaN,,NaN,NaN,NaN,NaN,NaN,NaN,,NaN,NaN,306,2023-07-03_16h29.43.761,Main,2022.1.1,60.0329821059383
positive,blue,1,k,None,NaN,NaN,NaN,NaN,NaN,NaN,NaN,NaN,0,100,100,100,NaN,,NaN,,,NaN,NaN,,NaN,,NaN,,NaN,,NaN,,main,k,k,1,0.716038499958813,427.118169999914,None,None,0,NaN,,NaN,,NaN,NaN,NaN,NaN,NaN,NaN,,NaN,NaN,306,2023-07-03_16h29.43.761,Main,2022.1.1,60.0329821059383
negative,yellow,1,k,None,NaN,NaN,NaN,NaN,NaN,NaN,NaN,NaN,0,101,101,101,NaN,,NaN,,,NaN,NaN,,NaN,,NaN,,NaN,,NaN,,main,k,k,1,0.702050799969584,428.834851299878,None,None,0,NaN,,NaN,,NaN,NaN,NaN,NaN,NaN,NaN,,NaN,NaN,306,2023-07-03_16h29.43.761,Main,2022.1.1,60.0329821059383
negative,blue,2,None,k,NaN,NaN,NaN,NaN,NaN,NaN,NaN,NaN,0,102,102,102,NaN,,NaN,,,NaN,NaN,,NaN,,NaN,,NaN,,NaN,,main,None,None,1,1.49851200007834,430.535182700027,None,None,1,NaN,,NaN,,NaN,NaN,NaN,NaN,NaN,NaN,,NaN,NaN,306,2023-07-03_16h29.43.761,Main,2022.1.1,60.0329821059383
negative,yellow,2,k,None,NaN,NaN,NaN,NaN,NaN,NaN,NaN,NaN,0,103,103,103,NaN,,NaN,,,NaN,NaN,,NaN,,NaN,,NaN,,NaN,,main,k,k,1,0.680442699929699,433.037319900002,None,None,0,NaN,,NaN,,NaN,NaN,NaN,NaN,NaN,NaN,,NaN,NaN,306,2023-07-03_16h29.43.761,Main,2022.1.1,60.0329821059383
positive,yellow,2,None,k,NaN,NaN,NaN,NaN,NaN,NaN,NaN,NaN,0,104,104,104,NaN,,NaN,,,NaN,NaN,,NaN,,NaN,,NaN,,NaN,,main,None,None,1,1.49868609989062,434.720548599958,None,None,1,NaN,,NaN,,NaN,NaN,NaN,NaN,NaN,NaN,,NaN,NaN,306,2023-07-03_16h29.43.761,Main,2022.1.1,60.0329821059383
positive,blue,1,k,None,NaN,NaN,NaN,NaN,NaN,NaN,NaN,NaN,0,105,105,105,NaN,,NaN,,,NaN,NaN,,NaN,,NaN,,NaN,,NaN,,main,k,k,1,0.668820800026879,437.217958299909,None,None,0,NaN,,NaN,,NaN,NaN,NaN,NaN,NaN,NaN,,NaN,NaN,306,2023-07-03_16h29.43.761,Main,2022.1.1,60.0329821059383
positive,blue,2,k,None,NaN,NaN,NaN,NaN,NaN,NaN,NaN,NaN,0,106,106,106,NaN,,NaN,,,NaN,NaN,,NaN,,NaN,,NaN,,NaN,,main,k,k,1,0.598968199919909,438.887310900027,None,None,0,NaN,,NaN,,NaN,NaN,NaN,NaN,NaN,NaN,,NaN,NaN,306,2023-07-03_16h29.43.761,Main,2022.1.1,60.0329821059383
negative,blue,1,None,k,NaN,NaN,NaN,NaN,NaN,NaN,NaN,NaN,0,107,107,107,NaN,,NaN,,,NaN,NaN,,NaN,,NaN,,NaN,,NaN,,main,None,None,1,1.4962983999867,440.487231099978,None,None,1,NaN,,NaN,,NaN,NaN,NaN,NaN,NaN,NaN,,NaN,NaN,306,2023-07-03_16h29.43.761,Main,2022.1.1,60.0329821059383
positive,yellow,2,None,k,NaN,NaN,NaN,NaN,NaN,NaN,NaN,NaN,0,108,108,108,NaN,,NaN,,,NaN,NaN,,NaN,,NaN,,NaN,,NaN,,main,None,None,1,1.49922320013866,442.984577999916,None,None,1,NaN,,NaN,,NaN,NaN,NaN,NaN,NaN,NaN,,NaN,NaN,306,2023-07-03_16h29.43.761,Main,2022.1.1,60.0329821059383
negative,yellow,1,k,None,NaN,NaN,NaN,NaN,NaN,NaN,NaN,NaN,0,109,109,109,NaN,,NaN,,,NaN,NaN,,NaN,,NaN,,NaN,,NaN,,main,k,k,1,0.635318800108507,445.484501000028,None,None,0,NaN,,NaN,,NaN,NaN,NaN,NaN,NaN,NaN,,NaN,NaN,306,2023-07-03_16h29.43.761,Main,2022.1.1,60.0329821059383
negative,blue,2,None,k,NaN,NaN,NaN,NaN,NaN,NaN,NaN,NaN,0,110,110,110,NaN,,NaN,,,NaN,NaN,,NaN,,NaN,,NaN,,NaN,,main,None,None,1,1.50198739999905,447.120393199846,None,None,1,NaN,,NaN,,NaN,NaN,NaN,NaN,NaN,NaN,,NaN,NaN,306,2023-07-03_16h29.43.761,Main,2022.1.1,60.0329821059383
positive,blue,2,k,None,NaN,NaN,NaN,NaN,NaN,NaN,NaN,NaN,0,111,111,111,NaN,,NaN,,,NaN,NaN,,NaN,,NaN,,NaN,,NaN,,main,k,k,1,0.64347289991565,449.621484299889,None,None,0,NaN,,NaN,,NaN,NaN,NaN,NaN,NaN,NaN,,NaN,NaN,306,2023-07-03_16h29.43.761,Main,2022.1.1,60.0329821059383
negative,blue,1,None,k,NaN,NaN,NaN,NaN,NaN,NaN,NaN,NaN,0,112,112,112,NaN,,NaN,,,NaN,NaN,,NaN,,NaN,,NaN,,NaN,,main,None,None,1,1.4991132998839,451.267667500069,None,None,1,NaN,,NaN,,NaN,NaN,NaN,NaN,NaN,NaN,,NaN,NaN,306,2023-07-03_16h29.43.761,Main,2022.1.1,60.0329821059383
positive,yellow,1,None,k,NaN,NaN,NaN,NaN,NaN,NaN,NaN,NaN,0,113,113,113,NaN,,NaN,,,NaN,NaN,,NaN,,NaN,,NaN,,NaN,,main,None,None,1,1.5015811000485,453.767677899916,None,None,1,NaN,,NaN,,NaN,NaN,NaN,NaN,NaN,NaN,,NaN,NaN,306,2023-07-03_16h29.43.761,Main,2022.1.1,60.0329821059383
negative,red,1,None,None,NaN,NaN,NaN,NaN,NaN,NaN,NaN,NaN,0,114,114,114,NaN,,NaN,,,NaN,NaN,,NaN,,NaN,,NaN,,NaN,,main,None,None,1,1.49640999990515,456.270283399848,None,None,1,NaN,,NaN,,NaN,NaN,NaN,NaN,NaN,NaN,,NaN,NaN,306,2023-07-03_16h29.43.761,Main,2022.1.1,60.0329821059383
positive,red,1,None,None,NaN,NaN,NaN,NaN,NaN,NaN,NaN,NaN,0,115,115,115,NaN,,NaN,,,NaN,NaN,,NaN,,NaN,,NaN,,NaN,,main,None,None,1,1.50180609989911,458.767510100035,None,None,1,NaN,,NaN,,NaN,NaN,NaN,NaN,NaN,NaN,,NaN,NaN,306,2023-07-03_16h29.43.761,Main,2022.1.1,60.0329821059383
negative,red,2,None,None,NaN,NaN,NaN,NaN,NaN,NaN,NaN,NaN,0,116,116,116,NaN,,NaN,,,NaN,NaN,,NaN,,NaN,,NaN,,NaN,,main,None,None,1,1.49655750021338,461.270130899968,None,None,1,NaN,,NaN,,NaN,NaN,NaN,NaN,NaN,NaN,,NaN,NaN,306,2023-07-03_16h29.43.761,Main,2022.1.1,60.0329821059383
negative,yellow,2,k,None,NaN,NaN,NaN,NaN,NaN,NaN,NaN,NaN,0,117,117,117,NaN,,NaN,,,NaN,NaN,,NaN,,NaN,,NaN,,NaN,,main,k,k,1,0.815961900167167,463.767409299966,None,None,0,NaN,,NaN,,NaN,NaN,NaN,NaN,NaN,NaN,,NaN,NaN,306,2023-07-03_16h29.43.761,Main,2022.1.1,60.0329821059383
positive,yellow,1,None,k,NaN,NaN,NaN,NaN,NaN,NaN,NaN,NaN,0,118,118,118,NaN,,NaN,,,NaN,NaN,,NaN,,NaN,,NaN,,NaN,,main,None,None,1,1.50174420000985,465.584104900016,None,None,1,NaN,,NaN,,NaN,NaN,NaN,NaN,NaN,NaN,,NaN,NaN,306,2023-07-03_16h29.43.761,Main,2022.1.1,60.0329821059383
positive,red,2,None,None,NaN,NaN,NaN,NaN,NaN,NaN,NaN,NaN,0,119,119,119,NaN,,NaN,,,NaN,NaN,,NaN,,NaN,,NaN,,NaN,,main,None,None,1,1.49627399980091,468.086638199864,None,None,1,NaN,,NaN,,NaN,NaN,NaN,NaN,NaN,NaN,,NaN,NaN,306,2023-07-03_16h29.43.761,Main,2022.1.1,60.0329821059383
positive,blue,2,k,None,NaN,NaN,NaN,NaN,NaN,NaN,NaN,NaN,0,120,120,120,NaN,,NaN,,,NaN,NaN,,NaN,,NaN,,NaN,,NaN,,main,k,k,1,0.699601399945095,470.583960999968,None,None,0,NaN,,NaN,,NaN,NaN,NaN,NaN,NaN,NaN,,NaN,NaN,306,2023-07-03_16h29.43.761,Main,2022.1.1,60.0329821059383
negative,red,1,None,None,NaN,NaN,NaN,NaN,NaN,NaN,NaN,NaN,0,121,121,121,NaN,,NaN,,,NaN,NaN,,NaN,,NaN,,NaN,,NaN,,main,None,None,1,1.50144939986058,472.283974699909,None,None,1,NaN,,NaN,,NaN,NaN,NaN,NaN,NaN,NaN,,NaN,NaN,306,2023-07-03_16h29.43.761,Main,2022.1.1,60.0329821059383
positive,yellow,2,None,k,NaN,NaN,NaN,NaN,NaN,NaN,NaN,NaN,0,122,122,122,NaN,,NaN,,,NaN,NaN,,NaN,,NaN,,NaN,,NaN,,main,None,None,1,1.49637310020626,474.7865114999,None,None,1,NaN,,NaN,,NaN,NaN,NaN,NaN,NaN,NaN,,NaN,NaN,306,2023-07-03_16h29.43.761,Main,2022.1.1,60.0329821059383
negative,red,2,None,None,NaN,NaN,NaN,NaN,NaN,NaN,NaN,NaN,0,123,123,123,NaN,,NaN,,,NaN,NaN,,NaN,,NaN,,NaN,,NaN,,main,None,None,1,1.50229489989579,477.283796200063,None,None,1,NaN,,NaN,,NaN,NaN,NaN,NaN,NaN,NaN,,NaN,NaN,306,2023-07-03_16h29.43.761,Main,2022.1.1,60.0329821059383
negative,yellow,2,k,None,NaN,NaN,NaN,NaN,NaN,NaN,NaN,NaN,0,124,124,124,NaN,,NaN,,,NaN,NaN,,NaN,,NaN,,NaN,,NaN,,main,k,k,1,1.21279269992374,479.786415699869,None,None,0,NaN,,NaN,,NaN,NaN,NaN,NaN,NaN,NaN,,NaN,NaN,306,2023-07-03_16h29.43.761,Main,2022.1.1,60.0329821059383
positive,red,1,None,None,NaN,NaN,NaN,NaN,NaN,NaN,NaN,NaN,0,125,125,125,NaN,,NaN,,,NaN,NaN,,NaN,,NaN,,NaN,,NaN,,main,None,None,1,1.50162420002744,482.000394899864,None,None,1,NaN,,NaN,,NaN,NaN,NaN,NaN,NaN,NaN,,NaN,NaN,306,2023-07-03_16h29.43.761,Main,2022.1.1,60.0329821059383
negative,blue,2,None,k,NaN,NaN,NaN,NaN,NaN,NaN,NaN,NaN,0,126,126,126,NaN,,NaN,,,NaN,NaN,,NaN,,NaN,,NaN,,NaN,,main,None,None,1,1.49919040012173,484.50297209993,None,None,1,NaN,,NaN,,NaN,NaN,NaN,NaN,NaN,NaN,,NaN,NaN,306,2023-07-03_16h29.43.761,Main,2022.1.1,60.0329821059383
negative,blue,1,None,k,NaN,NaN,NaN,NaN,NaN,NaN,NaN,NaN,0,127,127,127,NaN,,NaN,,,NaN,NaN,,NaN,,NaN,,NaN,,NaN,,main,None,None,1,1.49647100013681,487.002942299936,None,None,1,NaN,,NaN,,NaN,NaN,NaN,NaN,NaN,NaN,,NaN,NaN,306,2023-07-03_16h29.43.761,Main,2022.1.1,60.0329821059383
negative,yellow,1,k,None,NaN,NaN,NaN,NaN,NaN,NaN,NaN,NaN,0,128,128,128,NaN,,NaN,,,NaN,NaN,,NaN,,NaN,,NaN,,NaN,,main,k,k,1,0.668688799953088,489.500217200024,None,None,0,NaN,,NaN,,NaN,NaN,NaN,NaN,NaN,NaN,,NaN,NaN,306,2023-07-03_16h29.43.761,Main,2022.1.1,60.0329821059383
negative,yellow,1,k,None,NaN,NaN,NaN,NaN,NaN,NaN,NaN,NaN,0,129,129,129,NaN,,NaN,,,NaN,NaN,,NaN,,NaN,,NaN,,NaN,,main,k,k,1,0.649172900011763,491.169508399907,None,None,0,NaN,,NaN,,NaN,NaN,NaN,NaN,NaN,NaN,,NaN,NaN,306,2023-07-03_16h29.43.761,Main,2022.1.1,60.0329821059383
positive,blue,1,k,None,NaN,NaN,NaN,NaN,NaN,NaN,NaN,NaN,0,130,130,130,NaN,,NaN,,,NaN,NaN,,NaN,,NaN,,NaN,,NaN,,main,k,k,1,0.715407399926335,492.81948379986,None,None,0,NaN,,NaN,,NaN,NaN,NaN,NaN,NaN,NaN,,NaN,NaN,306,2023-07-03_16h29.43.761,Main,2022.1.1,60.0329821059383
negative,blue,1,None,k,NaN,NaN,NaN,NaN,NaN,NaN,NaN,NaN,0,131,131,131,NaN,,NaN,,,NaN,NaN,,NaN,,NaN,,NaN,,NaN,,main,None,None,1,1.5021120000165,494.535997499945,None,None,1,NaN,,NaN,,NaN,NaN,NaN,NaN,NaN,NaN,,NaN,NaN,306,2023-07-03_16h29.43.761,Main,2022.1.1,60.0329821059383
negative,blue,2,None,k,NaN,NaN,NaN,NaN,NaN,NaN,NaN,NaN,0,132,132,132,NaN,,NaN,,,NaN,NaN,,NaN,,NaN,,NaN,,NaN,,main,None,None,1,1.49343009991571,497.037007699953,None,None,1,NaN,,NaN,,NaN,NaN,NaN,NaN,NaN,NaN,,NaN,NaN,306,2023-07-03_16h29.43.761,Main,2022.1.1,60.0329821059383
positive,blue,2,k,None,NaN,NaN,NaN,NaN,NaN,NaN,NaN,NaN,0,133,133,133,NaN,,NaN,,,NaN,NaN,,NaN,,NaN,,NaN,,NaN,,main,k,k,1,0.55201380001381,499.533404299989,None,None,0,NaN,,NaN,,NaN,NaN,NaN,NaN,NaN,NaN,,NaN,NaN,306,2023-07-03_16h29.43.761,Main,2022.1.1,60.0329821059383
positive,red,2,None,None,NaN,NaN,NaN,NaN,NaN,NaN,NaN,NaN,0,134,134,134,NaN,,NaN,,,NaN,NaN,,NaN,,NaN,,NaN,,NaN,,main,None,None,1,1.49902329989709,501.085989699932,None,None,1,NaN,,NaN,,NaN,NaN,NaN,NaN,NaN,NaN,,NaN,NaN,306,2023-07-03_16h29.43.761,Main,2022.1.1,60.0329821059383
negative,yellow,2,k,None,NaN,NaN,NaN,NaN,NaN,NaN,NaN,NaN,0,135,135,135,NaN,,NaN,,,NaN,NaN,,NaN,,NaN,,NaN,,NaN,,main,k,k,1,0.630017800023779,503.585947799962,None,None,0,NaN,,NaN,,NaN,NaN,NaN,NaN,NaN,NaN,,NaN,NaN,306,2023-07-03_16h29.43.761,Main,2022.1.1,60.0329821059383
positive,yellow,2,None,k,NaN,NaN,NaN,NaN,NaN,NaN,NaN,NaN,0,136,136,136,NaN,,NaN,,,NaN,NaN,,NaN,,NaN,,NaN,,NaN,,main,None,None,1,1.49890749994665,505.216550000012,None,None,1,NaN,,NaN,,NaN,NaN,NaN,NaN,NaN,NaN,,NaN,NaN,306,2023-07-03_16h29.43.761,Main,2022.1.1,60.0329821059383
positive,blue,1,k,None,NaN,NaN,NaN,NaN,NaN,NaN,NaN,NaN,0,137,137,137,NaN,,NaN,,,NaN,NaN,,NaN,,NaN,,NaN,,NaN,,main,k,k,1,0.635446100030094,507.716538199922,None,None,0,NaN,,NaN,,NaN,NaN,NaN,NaN,NaN,NaN,,NaN,NaN,306,2023-07-03_16h29.43.761,Main,2022.1.1,60.0329821059383
positive,yellow,1,None,k,NaN,NaN,NaN,NaN,NaN,NaN,NaN,NaN,0,138,138,138,NaN,,NaN,,,NaN,NaN,,NaN,,NaN,,NaN,,NaN,,main,None,None,1,1.49909370020032,509.352486399934,None,None,1,NaN,,NaN,,NaN,NaN,NaN,NaN,NaN,NaN,,NaN,NaN,306,2023-07-03_16h29.43.761,Main,2022.1.1,60.0329821059383
positive,yellow,1,None,k,NaN,NaN,NaN,NaN,NaN,NaN,NaN,NaN,0,139,139,139,NaN,,NaN,,,NaN,NaN,,NaN,,NaN,,NaN,,NaN,,main,None,None,1,1.49623739998788,511.852420399897,None,None,1,NaN,,NaN,,NaN,NaN,NaN,NaN,NaN,NaN,,NaN,NaN,306,2023-07-03_16h29.43.761,Main,2022.1.1,60.0329821059383
positive,yellow,1,None,k,NaN,NaN,NaN,NaN,NaN,NaN,NaN,NaN,0,140,140,140,NaN,,NaN,,,NaN,NaN,,NaN,,NaN,,NaN,,NaN,,main,None,None,1,1.5018962000031,514.349698100006,None,None,1,NaN,,NaN,,NaN,NaN,NaN,NaN,NaN,NaN,,NaN,NaN,306,2023-07-03_16h29.43.761,Main,2022.1.1,60.0329821059383
positive,blue,1,k,None,NaN,NaN,NaN,NaN,NaN,NaN,NaN,NaN,0,141,141,141,NaN,,NaN,,,NaN,NaN,,NaN,,NaN,,NaN,,NaN,,main,k,k,1,0.717882199911401,516.852302100044,None,None,0,NaN,,NaN,,NaN,NaN,NaN,NaN,NaN,NaN,,NaN,NaN,306,2023-07-03_16h29.43.761,Main,2022.1.1,60.0329821059383
positive,blue,2,k,None,NaN,NaN,NaN,NaN,NaN,NaN,NaN,NaN,0,142,142,142,NaN,,NaN,,,NaN,NaN,,NaN,,NaN,,NaN,,NaN,,main,k,k,1,0.646380899939686,518.573285700055,None,None,0,NaN,,NaN,,NaN,NaN,NaN,NaN,NaN,NaN,,NaN,NaN,306,2023-07-03_16h29.43.761,Main,2022.1.1,60.0329821059383
positive,yellow,2,None,k,NaN,NaN,NaN,NaN,NaN,NaN,NaN,NaN,0,143,143,143,NaN,,NaN,,,NaN,NaN,,NaN,,NaN,,NaN,,NaN,,main,None,None,1,1.49988740007393,520.216251099948,None,None,1,NaN,,NaN,,NaN,NaN,NaN,NaN,NaN,NaN,,NaN,NaN,306,2023-07-03_16h29.43.761,Main,2022.1.1,60.0329821059383
negative,yellow,2,k,None,NaN,NaN,NaN,NaN,NaN,NaN,NaN,NaN,0,144,144,144,NaN,,NaN,,,NaN,NaN,,NaN,,NaN,,NaN,,NaN,,main,k,k,1,0.582827900070697,522.718839699868,None,None,0,NaN,,NaN,,NaN,NaN,NaN,NaN,NaN,NaN,,NaN,NaN,306,2023-07-03_16h29.43.761,Main,2022.1.1,60.0329821059383
negative,blue,2,None,k,NaN,NaN,NaN,NaN,NaN,NaN,NaN,NaN,0,145,145,145,NaN,,NaN,,,NaN,NaN,,NaN,,NaN,,NaN,,NaN,,main,None,None,1,1.49626919999719,524.302174499957,None,None,1,NaN,,NaN,,NaN,NaN,NaN,NaN,NaN,NaN,,NaN,NaN,306,2023-07-03_16h29.43.761,Main,2022.1.1,60.0329821059383
negative,red,1,None,None,NaN,NaN,NaN,NaN,NaN,NaN,NaN,NaN,0,146,146,146,NaN,,NaN,,,NaN,NaN,,NaN,,NaN,,NaN,,NaN,,main,None,None,1,1.5019547000993,526.799503999995,None,None,1,NaN,,NaN,,NaN,NaN,NaN,NaN,NaN,NaN,,NaN,NaN,306,2023-07-03_16h29.43.761,Main,2022.1.1,60.0329821059383
positive,blue,1,k,None,NaN,NaN,NaN,NaN,NaN,NaN,NaN,NaN,0,147,147,147,NaN,,NaN,,,NaN,NaN,,NaN,,NaN,,NaN,,NaN,,main,k,k,1,0.746388900093734,529.302069999976,None,None,0,NaN,,NaN,,NaN,NaN,NaN,NaN,NaN,NaN,,NaN,NaN,306,2023-07-03_16h29.43.761,Main,2022.1.1,60.0329821059383
positive,yellow,1,None,k,NaN,NaN,NaN,NaN,NaN,NaN,NaN,NaN,0,148,148,148,NaN,,NaN,,,NaN,NaN,,NaN,,NaN,,NaN,,NaN,,main,None,None,1,1.50166240008548,531.049335499993,None,None,1,NaN,,NaN,,NaN,NaN,NaN,NaN,NaN,NaN,,NaN,NaN,306,2023-07-03_16h29.43.761,Main,2022.1.1,60.0329821059383
negative,red,2,None,None,NaN,NaN,NaN,NaN,NaN,NaN,NaN,NaN,0,149,149,149,NaN,,NaN,,,NaN,NaN,,NaN,,NaN,,NaN,,NaN,,main,None,None,1,1.49917260021903,533.551940199919,None,None,1,NaN,,NaN,,NaN,NaN,NaN,NaN,NaN,NaN,,NaN,NaN,306,2023-07-03_16h29.43.761,Main,2022.1.1,60.0329821059383
negative,blue,1,None,k,NaN,NaN,NaN,NaN,NaN,NaN,NaN,NaN,0,150,150,150,NaN,,NaN,,,NaN,NaN,,NaN,,NaN,,NaN,,NaN,,main,None,None,1,1.49649700010195,536.051926499931,None,None,1,NaN,,NaN,,NaN,NaN,NaN,NaN,NaN,NaN,,NaN,NaN,306,2023-07-03_16h29.43.761,Main,2022.1.1,60.0329821059383
negative,yellow,2,k,None,NaN,NaN,NaN,NaN,NaN,NaN,NaN,NaN,0,151,151,151,NaN,,NaN,,,NaN,NaN,,NaN,,NaN,,NaN,,NaN,,main,k,k,1,0.818725199904293,538.54927930003,None,None,0,NaN,,NaN,,NaN,NaN,NaN,NaN,NaN,NaN,,NaN,NaN,306,2023-07-03_16h29.43.761,Main,2022.1.1,60.0329821059383
negative,blue,2,None,k,NaN,NaN,NaN,NaN,NaN,NaN,NaN,NaN,0,152,152,152,NaN,,NaN,,,NaN,NaN,,NaN,,NaN,,NaN,,NaN,,main,None,None,1,1.49614039994776,540.368496400071,None,None,1,NaN,,NaN,,NaN,NaN,NaN,NaN,NaN,NaN,,NaN,NaN,306,2023-07-03_16h29.43.761,Main,2022.1.1,60.0329821059383
negative,yellow,1,k,None,NaN,NaN,NaN,NaN,NaN,NaN,NaN,NaN,0,153,153,153,NaN,,NaN,,,NaN,NaN,,NaN,,NaN,,NaN,,NaN,,main,k,k,1,0.716171100037172,542.865894899936,None,None,0,NaN,,NaN,,NaN,NaN,NaN,NaN,NaN,NaN,,NaN,NaN,306,2023-07-03_16h29.43.761,Main,2022.1.1,60.0329821059383
negative,blue,1,None,k,NaN,NaN,NaN,NaN,NaN,NaN,NaN,NaN,0,154,154,154,NaN,,NaN,,,NaN,NaN,,NaN,,NaN,,NaN,,NaN,,main,None,None,1,1.50159210013226,544.582479499979,None,None,1,NaN,,NaN,,NaN,NaN,NaN,NaN,NaN,NaN,,NaN,NaN,306,2023-07-03_16h29.43.761,Main,2022.1.1,60.0329821059383
positive,yellow,2,None,k,NaN,NaN,NaN,NaN,NaN,NaN,NaN,NaN,0,155,155,155,NaN,,NaN,,,NaN,NaN,,NaN,,NaN,,NaN,,NaN,,main,None,None,1,1.49648480000906,547.085036499891,None,None,1,NaN,,NaN,,NaN,NaN,NaN,NaN,NaN,NaN,,NaN,NaN,306,2023-07-03_16h29.43.761,Main,2022.1.1,60.0329821059383
positive,red,2,None,None,NaN,NaN,NaN,NaN,NaN,NaN,NaN,NaN,0,156,156,156,NaN,,NaN,,,NaN,NaN,,NaN,,NaN,,NaN,,NaN,,main,None,None,1,1.50185709982179,549.582307599951,None,None,1,NaN,,NaN,,NaN,NaN,NaN,NaN,NaN,NaN,,NaN,NaN,306,2023-07-03_16h29.43.761,Main,2022.1.1,60.0329821059383
positive,red,1,None,None,NaN,NaN,NaN,NaN,NaN,NaN,NaN,NaN,0,157,157,157,NaN,,NaN,,,NaN,NaN,,NaN,,NaN,,NaN,,NaN,,main,None,None,1,1.49894590000622,552.084899700014,None,None,1,NaN,,NaN,,NaN,NaN,NaN,NaN,NaN,NaN,,NaN,NaN,306,2023-07-03_16h29.43.761,Main,2022.1.1,60.0329821059383
positive,blue,2,k,None,NaN,NaN,NaN,NaN,NaN,NaN,NaN,NaN,0,158,158,158,NaN,,NaN,,,NaN,NaN,,NaN,,NaN,,NaN,,NaN,,main,k,k,1,1.38012760016136,554.584919800051,None,None,0,NaN,,NaN,,NaN,NaN,NaN,NaN,NaN,NaN,,NaN,NaN,306,2023-07-03_16h29.43.761,Main,2022.1.1,60.0329821059383
negative,yellow,1,k,None,NaN,NaN,NaN,NaN,NaN,NaN,NaN,NaN,0,159,159,159,NaN,,NaN,,,NaN,NaN,,NaN,,NaN,,NaN,,NaN,,main,k,k,1,0.6351532000117,556.965540099889,None,None,0,NaN,,NaN,,NaN,NaN,NaN,NaN,NaN,NaN,,NaN,NaN,306,2023-07-03_16h29.43.761,Main,2022.1.1,60.0329821059383
negative,red,2,None,None,NaN,NaN,NaN,NaN,NaN,NaN,NaN,NaN,0,160,160,160,NaN,,NaN,,,NaN,NaN,,NaN,,NaN,,NaN,,NaN,,main,None,None,1,1.49627760006115,558.601466899971,None,None,1,NaN,,NaN,,NaN,NaN,NaN,NaN,NaN,NaN,,NaN,NaN,306,2023-07-03_16h29.43.761,Main,2022.1.1,60.0329821059383
negative,blue,1,None,k,NaN,NaN,NaN,NaN,NaN,NaN,NaN,NaN,0,161,161,161,NaN,,NaN,,,NaN,NaN,,NaN,,NaN,,NaN,,NaN,,main,None,None,1,1.50181360007264,561.098745199852,None,None,1,NaN,,NaN,,NaN,NaN,NaN,NaN,NaN,NaN,,NaN,NaN,306,2023-07-03_16h29.43.761,Main,2022.1.1,60.0329821059383
negative,blue,1,None,k,NaN,NaN,NaN,NaN,NaN,NaN,NaN,NaN,0,162,162,162,NaN,,NaN,,,NaN,NaN,,NaN,,NaN,,NaN,,NaN,,main,None,None,1,1.49923010007478,563.601352999918,None,None,1,NaN,,NaN,,NaN,NaN,NaN,NaN,NaN,NaN,,NaN,NaN,306,2023-07-03_16h29.43.761,Main,2022.1.1,60.0329821059383
negative,yellow,1,k,None,NaN,NaN,NaN,NaN,NaN,NaN,NaN,NaN,0,163,163,163,NaN,,NaN,,,NaN,NaN,,NaN,,NaN,,NaN,,NaN,,main,k,k,1,0.58013330004178,566.101305299904,None,None,0,NaN,,NaN,,NaN,NaN,NaN,NaN,NaN,NaN,,NaN,NaN,306,2023-07-03_16h29.43.761,Main,2022.1.1,60.0329821059383
negative,yellow,1,k,None,NaN,NaN,NaN,NaN,NaN,NaN,NaN,NaN,0,164,164,164,NaN,,NaN,,,NaN,NaN,,NaN,,NaN,,NaN,,NaN,,main,k,k,1,0.735079300124198,567.681939600036,None,None,0,NaN,,NaN,,NaN,NaN,NaN,NaN,NaN,NaN,,NaN,NaN,306,2023-07-03_16h29.43.761,Main,2022.1.1,60.0329821059383
positive,yellow,1,None,k,NaN,NaN,NaN,NaN,NaN,NaN,NaN,NaN,0,165,165,165,NaN,,NaN,,,NaN,NaN,,NaN,,NaN,,NaN,,NaN,,main,None,None,1,1.49905460001901,569.417874200037,None,None,1,NaN,,NaN,,NaN,NaN,NaN,NaN,NaN,NaN,,NaN,NaN,306,2023-07-03_16h29.43.761,Main,2022.1.1,60.0329821059383
negative,red,1,None,None,NaN,NaN,NaN,NaN,NaN,NaN,NaN,NaN,0,166,166,166,NaN,,NaN,,,NaN,NaN,,NaN,,NaN,,NaN,,NaN,,main,None,None,1,1.49630799982697,571.917882299982,None,None,1,NaN,,NaN,,NaN,NaN,NaN,NaN,NaN,NaN,,NaN,NaN,306,2023-07-03_16h29.43.761,Main,2022.1.1,60.0329821059383
negative,yellow,2,k,None,NaN,NaN,NaN,NaN,NaN,NaN,NaN,NaN,0,167,167,167,NaN,,NaN,,,NaN,NaN,,NaN,,NaN,,NaN,,NaN,,main,k,k,1,0.835521599976346,574.415127699962,None,None,0,NaN,,NaN,,NaN,NaN,NaN,NaN,NaN,NaN,,NaN,NaN,306,2023-07-03_16h29.43.761,Main,2022.1.1,60.0329821059383
positive,blue,2,k,None,NaN,NaN,NaN,NaN,NaN,NaN,NaN,NaN,0,168,168,168,NaN,,NaN,,,NaN,NaN,,NaN,,NaN,,NaN,,NaN,,main,k,k,1,0.699127100175247,576.251067299861,None,None,0,NaN,,NaN,,NaN,NaN,NaN,NaN,NaN,NaN,,NaN,NaN,306,2023-07-03_16h29.43.761,Main,2022.1.1,60.0329821059383
positive,red,2,None,None,NaN,NaN,NaN,NaN,NaN,NaN,NaN,NaN,0,169,169,169,NaN,,NaN,,,NaN,NaN,,NaN,,NaN,,NaN,,NaN,,main,None,None,1,1.49613710003905,577.951036199927,None,None,1,NaN,,NaN,,NaN,NaN,NaN,NaN,NaN,NaN,,NaN,NaN,306,2023-07-03_16h29.43.761,Main,2022.1.1,60.0329821059383
positive,red,1,None,None,NaN,NaN,NaN,NaN,NaN,NaN,NaN,NaN,0,170,170,170,NaN,,NaN,,,NaN,NaN,,NaN,,NaN,,NaN,,NaN,,main,None,None,1,1.5018758000806,580.448331600055,None,None,1,NaN,,NaN,,NaN,NaN,NaN,NaN,NaN,NaN,,NaN,NaN,306,2023-07-03_16h29.43.761,Main,2022.1.1,60.0329821059383
negative,blue,2,None,k,NaN,NaN,NaN,NaN,NaN,NaN,NaN,NaN,0,171,171,171,NaN,,NaN,,,NaN,NaN,,NaN,,NaN,,NaN,,NaN,,main,None,None,1,1.49649719987065,582.950973199913,None,None,1,NaN,,NaN,,NaN,NaN,NaN,NaN,NaN,NaN,,NaN,NaN,306,2023-07-03_16h29.43.761,Main,2022.1.1,60.0329821059383
positive,blue,2,k,None,NaN,NaN,NaN,NaN,NaN,NaN,NaN,NaN,0,172,172,172,NaN,,NaN,,,NaN,NaN,,NaN,,NaN,,NaN,,NaN,,main,k,k,1,0.5661504000891,585.448251599912,None,None,0,NaN,,NaN,,NaN,NaN,NaN,NaN,NaN,NaN,,NaN,NaN,306,2023-07-03_16h29.43.761,Main,2022.1.1,60.0329821059383
negative,yellow,2,k,None,NaN,NaN,NaN,NaN,NaN,NaN,NaN,NaN,0,173,173,173,NaN,,NaN,,,NaN,NaN,,NaN,,NaN,,NaN,,NaN,,main,k,k,1,0.785048000048846,587.014937199885,None,None,0,NaN,,NaN,,NaN,NaN,NaN,NaN,NaN,NaN,,NaN,NaN,306,2023-07-03_16h29.43.761,Main,2022.1.1,60.0329821059383
positive,yellow,2,None,k,NaN,NaN,NaN,NaN,NaN,NaN,NaN,NaN,0,174,174,174,NaN,,NaN,,,NaN,NaN,,NaN,,NaN,,NaN,,NaN,,main,None,None,1,1.49629519996233,588.800895999884,None,None,1,NaN,,NaN,,NaN,NaN,NaN,NaN,NaN,NaN,,NaN,NaN,306,2023-07-03_16h29.43.761,Main,2022.1.1,60.0329821059383
negative,blue,2,None,k,NaN,NaN,NaN,NaN,NaN,NaN,NaN,NaN,0,175,175,175,NaN,,NaN,,,NaN,NaN,,NaN,,NaN,,NaN,,NaN,,main,None,None,1,1.50184490019456,591.298138099955,None,None,1,NaN,,NaN,,NaN,NaN,NaN,NaN,NaN,NaN,,NaN,NaN,306,2023-07-03_16h29.43.761,Main,2022.1.1,60.0329821059383
positive,blue,1,k,None,NaN,NaN,NaN,NaN,NaN,NaN,NaN,NaN,0,176,176,176,NaN,,NaN,,,NaN,NaN,,NaN,,NaN,,NaN,,NaN,,main,k,k,1,0.532802199944854,593.800734000048,None,None,0,NaN,,NaN,,NaN,NaN,NaN,NaN,NaN,NaN,,NaN,NaN,306,2023-07-03_16h29.43.761,Main,2022.1.1,60.0329821059383
positive,yellow,1,None,k,NaN,NaN,NaN,NaN,NaN,NaN,NaN,NaN,0,177,177,177,NaN,,NaN,,,NaN,NaN,,NaN,,NaN,,NaN,,NaN,,main,None,None,1,1.49624310014769,595.334007199854,None,None,1,NaN,,NaN,,NaN,NaN,NaN,NaN,NaN,NaN,,NaN,NaN,306,2023-07-03_16h29.43.761,Main,2022.1.1,60.0329821059383
positive,blue,1,k,None,NaN,NaN,NaN,NaN,NaN,NaN,NaN,NaN,0,178,178,178,NaN,,NaN,,,NaN,NaN,,NaN,,NaN,,NaN,,NaN,,main,k,k,1,0.699472300009802,597.831307800021,None,None,0,NaN,,NaN,,NaN,NaN,NaN,NaN,NaN,NaN,,NaN,NaN,306,2023-07-03_16h29.43.761,Main,2022.1.1,60.0329821059383
positive,yellow,2,None,k,NaN,NaN,NaN,NaN,NaN,NaN,NaN,NaN,0,179,179,179,NaN,,NaN,,,NaN,NaN,,NaN,,NaN,,NaN,,NaN,,main,None,None,1,1.50161210005172,599.531332399929,None,None,1,NaN,,NaN,,NaN,NaN,NaN,NaN,NaN,NaN,,NaN,NaN,306,2023-07-03_16h29.43.761,Main,2022.1.1,60.0329821059383
positive,blue,1,k,None,NaN,NaN,NaN,NaN,NaN,NaN,NaN,NaN,0,180,180,180,NaN,,NaN,,,NaN,NaN,,NaN,,NaN,,NaN,,NaN,,main,k,k,1,0.679984000045806,602.033889800077,None,None,0,NaN,,NaN,,NaN,NaN,NaN,NaN,NaN,NaN,,NaN,NaN,306,2023-07-03_16h29.43.761,Main,2022.1.1,60.0329821059383
negative,red,1,None,None,NaN,NaN,NaN,NaN,NaN,NaN,NaN,NaN,0,181,181,181,NaN,,NaN,,,NaN,NaN,,NaN,,NaN,,NaN,,NaN,,main,None,None,1,1.5015829000622,603.714518199908,None,None,1,NaN,,NaN,,NaN,NaN,NaN,NaN,NaN,NaN,,NaN,NaN,306,2023-07-03_16h29.43.761,Main,2022.1.1,60.0329821059383
negative,blue,1,None,k,NaN,NaN,NaN,NaN,NaN,NaN,NaN,NaN,0,182,182,182,NaN,,NaN,,,NaN,NaN,,NaN,,NaN,,NaN,,NaN,,main,None,None,1,1.4994528000243,606.217131699901,None,None,1,NaN,,NaN,,NaN,NaN,NaN,NaN,NaN,NaN,,NaN,NaN,306,2023-07-03_16h29.43.761,Main,2022.1.1,60.0329821059383
negative,yellow,2,k,None,NaN,NaN,NaN,NaN,NaN,NaN,NaN,NaN,0,183,183,183,NaN,,NaN,,,NaN,NaN,,NaN,,NaN,,NaN,,NaN,,main,k,k,1,0.662995500024408,608.717125899857,None,None,0,NaN,,NaN,,NaN,NaN,NaN,NaN,NaN,NaN,,NaN,NaN,306,2023-07-03_16h29.43.761,Main,2022.1.1,60.0329821059383
positive,yellow,2,None,k,NaN,NaN,NaN,NaN,NaN,NaN,NaN,NaN,0,184,184,184,NaN,,NaN,,,NaN,NaN,,NaN,,NaN,,NaN,,NaN,,main,None,None,1,1.50166109995916,610.382120899856,None,None,1,NaN,,NaN,,NaN,NaN,NaN,NaN,NaN,NaN,,NaN,NaN,306,2023-07-03_16h29.43.761,Main,2022.1.1,60.0329821059383
positive,yellow,1,None,k,NaN,NaN,NaN,NaN,NaN,NaN,NaN,NaN,0,185,185,185,NaN,,NaN,,,NaN,NaN,,NaN,,NaN,,NaN,,NaN,,main,None,None,1,1.49659150000662,612.883654499892,None,None,1,NaN,,NaN,,NaN,NaN,NaN,NaN,NaN,NaN,,NaN,NaN,306,2023-07-03_16h29.43.761,Main,2022.1.1,60.0329821059383
positive,red,2,None,None,NaN,NaN,NaN,NaN,NaN,NaN,NaN,NaN,0,186,186,186,NaN,,NaN,,,NaN,NaN,,NaN,,NaN,,NaN,,NaN,,main,None,None,1,1.50148350000381,615.380948599894,None,None,1,NaN,,NaN,,NaN,NaN,NaN,NaN,NaN,NaN,,NaN,NaN,306,2023-07-03_16h29.43.761,Main,2022.1.1,60.0329821059383
positive,blue,1,k,None,NaN,NaN,NaN,NaN,NaN,NaN,NaN,NaN,0,187,187,187,NaN,,NaN,,,NaN,NaN,,NaN,,NaN,,NaN,,NaN,,main,k,k,1,0.632626400096342,617.883542199852,None,None,0,NaN,,NaN,,NaN,NaN,NaN,NaN,NaN,NaN,,NaN,NaN,306,2023-07-03_16h29.43.761,Main,2022.1.1,60.0329821059383
negative,yellow,1,k,None,NaN,NaN,NaN,NaN,NaN,NaN,NaN,NaN,0,188,188,188,NaN,,NaN,,,NaN,NaN,,NaN,,NaN,,NaN,,NaN,,main,k,k,1,0.702042700024322,619.51681359997,None,None,0,NaN,,NaN,,NaN,NaN,NaN,NaN,NaN,NaN,,NaN,NaN,306,2023-07-03_16h29.43.761,Main,2022.1.1,60.0329821059383
positive,yellow,2,None,k,NaN,NaN,NaN,NaN,NaN,NaN,NaN,NaN,0,189,189,189,NaN,,NaN,,,NaN,NaN,,NaN,,NaN,,NaN,,NaN,,main,None,None,1,1.49612360005267,621.214430399938,None,None,1,NaN,,NaN,,NaN,NaN,NaN,NaN,NaN,NaN,,NaN,NaN,306,2023-07-03_16h29.43.761,Main,2022.1.1,60.0329821059383
negative,yellow,2,k,None,NaN,NaN,NaN,NaN,NaN,NaN,NaN,NaN,0,190,190,190,NaN,,NaN,,,NaN,NaN,,NaN,,NaN,,NaN,,NaN,,main,k,k,1,0.629878700012341,623.716674200026,None,None,0,NaN,,NaN,,NaN,NaN,NaN,NaN,NaN,NaN,,NaN,NaN,306,2023-07-03_16h29.43.761,Main,2022.1.1,60.0329821059383
negative,yellow,1,k,None,NaN,NaN,NaN,NaN,NaN,NaN,NaN,NaN,0,191,191,191,NaN,,NaN,,,NaN,NaN,,NaN,,NaN,,NaN,,NaN,,main,k,k,1,0.701824000105262,625.347423600033,None,None,0,NaN,,NaN,,NaN,NaN,NaN,NaN,NaN,NaN,,NaN,NaN,306,2023-07-03_16h29.43.761,Main,2022.1.1,60.0329821059383
positive,blue,2,k,None,NaN,NaN,NaN,NaN,NaN,NaN,NaN,NaN,0,192,192,192,NaN,,NaN,,,NaN,NaN,,NaN,,NaN,,NaN,,NaN,,main,k,k,1,0.581356299808249,627.049992499873,None,None,0,NaN,,NaN,,NaN,NaN,NaN,NaN,NaN,NaN,,NaN,NaN,306,2023-07-03_16h29.43.761,Main,2022.1.1,60.0329821059383
positive,yellow,1,None,k,NaN,NaN,NaN,NaN,NaN,NaN,NaN,NaN,0,193,193,193,NaN,,NaN,,,NaN,NaN,,NaN,,NaN,,NaN,,NaN,,main,None,None,1,1.49890989996493,628.633321099915,None,None,1,NaN,,NaN,,NaN,NaN,NaN,NaN,NaN,NaN,,NaN,NaN,306,2023-07-03_16h29.43.761,Main,2022.1.1,60.0329821059383
negative,red,2,None,None,NaN,NaN,NaN,NaN,NaN,NaN,NaN,NaN,0,194,194,194,NaN,,NaN,,,NaN,NaN,,NaN,,NaN,,NaN,,NaN,,main,None,None,1,1.49668459990062,631.133128300076,None,None,1,NaN,,NaN,,NaN,NaN,NaN,NaN,NaN,NaN,,NaN,NaN,306,2023-07-03_16h29.43.761,Main,2022.1.1,60.0329821059383
positive,red,1,None,None,NaN,NaN,NaN,NaN,NaN,NaN,NaN,NaN,0,195,195,195,NaN,,NaN,,,NaN,NaN,,NaN,,NaN,,NaN,,NaN,,main,None,None,1,1.50191290001385,633.630563199986,None,None,1,NaN,,NaN,,NaN,NaN,NaN,NaN,NaN,NaN,,NaN,NaN,306,2023-07-03_16h29.43.761,Main,2022.1.1,60.0329821059383
negative,blue,1,None,k,NaN,NaN,NaN,NaN,NaN,NaN,NaN,NaN,0,196,196,196,NaN,,NaN,,,NaN,NaN,,NaN,,NaN,,NaN,,NaN,,main,None,None,1,1.49898850009777,636.133143299958,None,None,1,NaN,,NaN,,NaN,NaN,NaN,NaN,NaN,NaN,,NaN,NaN,306,2023-07-03_16h29.43.761,Main,2022.1.1,60.0329821059383
positive,blue,2,k,None,NaN,NaN,NaN,NaN,NaN,NaN,NaN,NaN,0,197,197,197,NaN,,NaN,,,NaN,NaN,,NaN,,NaN,,NaN,,NaN,,main,k,k,1,0.629889599978924,638.633124999935,None,None,0,NaN,,NaN,,NaN,NaN,NaN,NaN,NaN,NaN,,NaN,NaN,306,2023-07-03_16h29.43.761,Main,2022.1.1,60.0329821059383
negative,blue,2,None,k,NaN,NaN,NaN,NaN,NaN,NaN,NaN,NaN,0,198,198,198,NaN,,NaN,,,NaN,NaN,,NaN,,NaN,,NaN,,NaN,,main,None,None,1,1.50154109997675,640.263799800072,None,None,1,NaN,,NaN,,NaN,NaN,NaN,NaN,NaN,NaN,,NaN,NaN,306,2023-07-03_16h29.43.761,Main,2022.1.1,60.0329821059383
negative,blue,2,None,k,NaN,NaN,NaN,NaN,NaN,NaN,NaN,NaN,0,199,199,199,NaN,,NaN,,,NaN,NaN,,NaN,,NaN,,NaN,,NaN,,main,None,k,0,0.032661700155586,642.766416699858,None,None,1,NaN,,NaN,,NaN,NaN,NaN,NaN,NaN,NaN,,NaN,NaN,306,2023-07-03_16h29.43.761,Main,2022.1.1,60.0329821059383
positive,blue,2,k,None,NaN,NaN,NaN,NaN,NaN,NaN,NaN,NaN,0,200,200,200,NaN,,NaN,,,NaN,NaN,,NaN,,NaN,,NaN,,NaN,,main,k,k,1,0.653900400036946,646.813634800026,None,None,0,NaN,,NaN,,NaN,NaN,NaN,NaN,NaN,NaN,,NaN,NaN,306,2023-07-03_16h29.43.761,Main,2022.1.1,60.0329821059383
positive,blue,2,k,None,NaN,NaN,NaN,NaN,NaN,NaN,NaN,NaN,0,201,201,201,NaN,,NaN,,,NaN,NaN,,NaN,,NaN,,NaN,,NaN,,main,k,k,1,0.698816499905661,648.466283999849,None,None,0,NaN,,NaN,,NaN,NaN,NaN,NaN,NaN,NaN,,NaN,NaN,306,2023-07-03_16h29.43.761,Main,2022.1.1,60.0329821059383
negative,yellow,2,k,None,NaN,NaN,NaN,NaN,NaN,NaN,NaN,NaN,0,202,202,202,NaN,,NaN,,,NaN,NaN,,NaN,,NaN,,NaN,,NaN,,main,k,k,1,0.629878800129518,650.166213399963,None,None,0,NaN,,NaN,,NaN,NaN,NaN,NaN,NaN,NaN,,NaN,NaN,306,2023-07-03_16h29.43.761,Main,2022.1.1,60.0329821059383
positive,red,1,None,None,NaN,NaN,NaN,NaN,NaN,NaN,NaN,NaN,0,203,203,203,NaN,,NaN,,,NaN,NaN,,NaN,,NaN,,NaN,,NaN,,main,None,None,1,1.50169149995781,651.796869399957,None,None,1,NaN,,NaN,,NaN,NaN,NaN,NaN,NaN,NaN,,NaN,NaN,306,2023-07-03_16h29.43.761,Main,2022.1.1,60.0329821059383
negative,blue,2,None,k,NaN,NaN,NaN,NaN,NaN,NaN,NaN,NaN,0,204,204,204,NaN,,NaN,,,NaN,NaN,,NaN,,NaN,,NaN,,NaN,,main,None,None,1,1.49911519978195,654.299494399922,None,None,1,NaN,,NaN,,NaN,NaN,NaN,NaN,NaN,NaN,,NaN,NaN,306,2023-07-03_16h29.43.761,Main,2022.1.1,60.0329821059383
negative,red,1,None,None,NaN,NaN,NaN,NaN,NaN,NaN,NaN,NaN,0,205,205,205,NaN,,NaN,,,NaN,NaN,,NaN,,NaN,,NaN,,NaN,,main,None,None,1,1.49653750006109,656.799422000069,None,None,1,NaN,,NaN,,NaN,NaN,NaN,NaN,NaN,NaN,,NaN,NaN,306,2023-07-03_16h29.43.761,Main,2022.1.1,60.0329821059383
negative,blue,2,None,k,NaN,NaN,NaN,NaN,NaN,NaN,NaN,NaN,0,206,206,206,NaN,,NaN,,,NaN,NaN,,NaN,,NaN,,NaN,,NaN,,main,None,None,1,1.50185599992983,659.296755400021,None,None,1,NaN,,NaN,,NaN,NaN,NaN,NaN,NaN,NaN,,NaN,NaN,306,2023-07-03_16h29.43.761,Main,2022.1.1,60.0329821059383
negative,yellow,2,k,None,NaN,NaN,NaN,NaN,NaN,NaN,NaN,NaN,0,207,207,207,NaN,,NaN,,,NaN,NaN,,NaN,,NaN,,NaN,,NaN,,main,k,k,1,0.796720700105652,661.799332799856,None,None,0,NaN,,NaN,,NaN,NaN,NaN,NaN,NaN,NaN,,NaN,NaN,306,2023-07-03_16h29.43.761,Main,2022.1.1,60.0329821059383
positive,yellow,2,None,k,NaN,NaN,NaN,NaN,NaN,NaN,NaN,NaN,0,208,208,208,NaN,,NaN,,,NaN,NaN,,NaN,,NaN,,NaN,,NaN,,main,None,None,1,1.50163129996508,663.596635099966,None,None,1,NaN,,NaN,,NaN,NaN,NaN,NaN,NaN,NaN,,NaN,NaN,306,2023-07-03_16h29.43.761,Main,2022.1.1,60.0329821059383
negative,yellow,1,k,None,NaN,NaN,NaN,NaN,NaN,NaN,NaN,NaN,0,209,209,209,NaN,,NaN,,,NaN,NaN,,NaN,,NaN,,NaN,,NaN,,main,k,k,1,0.733586400048807,666.099220399978,None,None,0,NaN,,NaN,,NaN,NaN,NaN,NaN,NaN,NaN,,NaN,NaN,306,2023-07-03_16h29.43.761,Main,2022.1.1,60.0329821059383
negative,red,2,None,None,NaN,NaN,NaN,NaN,NaN,NaN,NaN,NaN,0,210,210,210,NaN,,NaN,,,NaN,NaN,,NaN,,NaN,,NaN,,NaN,,main,None,None,1,1.49877119995654,667.832539199851,None,None,1,NaN,,NaN,,NaN,NaN,NaN,NaN,NaN,NaN,,NaN,NaN,306,2023-07-03_16h29.43.761,Main,2022.1.1,60.0329821059383
negative,blue,1,None,k,NaN,NaN,NaN,NaN,NaN,NaN,NaN,NaN,0,211,211,211,NaN,,NaN,,,NaN,NaN,,NaN,,NaN,,NaN,,NaN,,main,None,None,1,1.49636720004492,670.332361700013,None,None,1,NaN,,NaN,,NaN,NaN,NaN,NaN,NaN,NaN,,NaN,NaN,306,2023-07-03_16h29.43.761,Main,2022.1.1,60.0329821059383
negative,yellow,1,k,None,NaN,NaN,NaN,NaN,NaN,NaN,NaN,NaN,0,212,212,212,NaN,,NaN,,,NaN,NaN,,NaN,,NaN,,NaN,,NaN,,main,k,k,1,0.781997699989006,672.829756599851,None,None,0,NaN,,NaN,,NaN,NaN,NaN,NaN,NaN,NaN,,NaN,NaN,306,2023-07-03_16h29.43.761,Main,2022.1.1,60.0329821059383
positive,blue,1,k,None,NaN,NaN,NaN,NaN,NaN,NaN,NaN,NaN,0,213,213,213,NaN,,NaN,,,NaN,NaN,,NaN,,NaN,,NaN,,NaN,,main,k,k,1,0.735101700061932,674.613117199857,None,None,0,NaN,,NaN,,NaN,NaN,NaN,NaN,NaN,NaN,,NaN,NaN,306,2023-07-03_16h29.43.761,Main,2022.1.1,60.0329821059383
positive,blue,1,k,None,NaN,NaN,NaN,NaN,NaN,NaN,NaN,NaN,0,214,214,214,NaN,,NaN,,,NaN,NaN,,NaN,,NaN,,NaN,,NaN,,main,k,k,1,0.584041099995375,676.349041800015,None,None,0,NaN,,NaN,,NaN,NaN,NaN,NaN,NaN,NaN,,NaN,NaN,306,2023-07-03_16h29.43.761,Main,2022.1.1,60.0329821059383
positive,yellow,1,None,k,NaN,NaN,NaN,NaN,NaN,NaN,NaN,NaN,0,215,215,215,NaN,,NaN,,,NaN,NaN,,NaN,,NaN,,NaN,,NaN,,main,None,None,1,1.49487939989194,677.932372000068,None,None,1,NaN,,NaN,,NaN,NaN,NaN,NaN,NaN,NaN,,NaN,NaN,306,2023-07-03_16h29.43.761,Main,2022.1.1,60.0329821059383
positive,yellow,1,None,k,NaN,NaN,NaN,NaN,NaN,NaN,NaN,NaN,0,216,216,216,NaN,,NaN,,,NaN,NaN,,NaN,,NaN,,NaN,,NaN,,main,None,None,1,1.50198619998991,680.429679499939,None,None,1,NaN,,NaN,,NaN,NaN,NaN,NaN,NaN,NaN,,NaN,NaN,306,2023-07-03_16h29.43.761,Main,2022.1.1,60.0329821059383
positive,yellow,2,None,k,NaN,NaN,NaN,NaN,NaN,NaN,NaN,NaN,0,217,217,217,NaN,,NaN,,,NaN,NaN,,NaN,,NaN,,NaN,,NaN,,main,None,None,1,1.49622519989498,682.932197700022,None,None,1,NaN,,NaN,,NaN,NaN,NaN,NaN,NaN,NaN,,NaN,NaN,306,2023-07-03_16h29.43.761,Main,2022.1.1,60.0329821059383
negative,blue,1,None,k,NaN,NaN,NaN,NaN,NaN,NaN,NaN,NaN,0,218,218,218,NaN,,NaN,,,NaN,NaN,,NaN,,NaN,,NaN,,NaN,,main,None,None,1,1.50176170002669,685.429510999937,None,None,1,NaN,,NaN,,NaN,NaN,NaN,NaN,NaN,NaN,,NaN,NaN,306,2023-07-03_16h29.43.761,Main,2022.1.1,60.0329821059383
positive,red,2,None,None,NaN,NaN,NaN,NaN,NaN,NaN,NaN,NaN,0,219,219,219,NaN,,NaN,,,NaN,NaN,,NaN,,NaN,,NaN,,NaN,,main,None,None,1,1.49939409992658,687.932115499862,None,None,1,NaN,,NaN,,NaN,NaN,NaN,NaN,NaN,NaN,,NaN,NaN,306,2023-07-03_16h29.43.761,Main,2022.1.1,60.0329821059383
positive,yellow,1,None,k,NaN,NaN,NaN,NaN,NaN,NaN,NaN,NaN,0,220,220,220,NaN,,NaN,,,NaN,NaN,,NaN,,NaN,,NaN,,NaN,,main,None,None,1,1.49621940008365,690.42948689987,None,None,1,NaN,,NaN,,NaN,NaN,NaN,NaN,NaN,NaN,,NaN,NaN,306,2023-07-03_16h29.43.761,Main,2022.1.1,60.0329821059383
positive,blue,1,k,None,NaN,NaN,NaN,NaN,NaN,NaN,NaN,NaN,0,221,221,221,NaN,,NaN,,,NaN,NaN,,NaN,,NaN,,NaN,,NaN,,main,k,k,1,0.63529030000791,692.929400099907,None,None,0,NaN,,NaN,,NaN,NaN,NaN,NaN,NaN,NaN,,NaN,NaN,306,2023-07-03_16h29.43.761,Main,2022.1.1,60.0329821059383
positive,yellow,2,None,k,NaN,NaN,NaN,NaN,NaN,NaN,NaN,NaN,0,222,222,222,NaN,,NaN,,,NaN,NaN,,NaN,,NaN,,NaN,,NaN,,main,None,None,1,1.49882810004056,694.565306700068,None,None,1,NaN,,NaN,,NaN,NaN,NaN,NaN,NaN,NaN,,NaN,NaN,306,2023-07-03_16h29.43.761,Main,2022.1.1,60.0329821059383
negative,yellow,1,k,None,NaN,NaN,NaN,NaN,NaN,NaN,NaN,NaN,0,223,223,223,NaN,,NaN,,,NaN,NaN,,NaN,,NaN,,NaN,,NaN,,main,k,k,1,0.614048099843785,697.065115399892,None,None,0,NaN,,NaN,,NaN,NaN,NaN,NaN,NaN,NaN,,NaN,NaN,306,2023-07-03_16h29.43.761,Main,2022.1.1,60.0329821059383
positive,yellow,2,None,k,NaN,NaN,NaN,NaN,NaN,NaN,NaN,NaN,0,224,224,224,NaN,,NaN,,,NaN,NaN,,NaN,,NaN,,NaN,,NaN,,main,None,None,1,1.5009571001865,698.681805599947,None,None,1,NaN,,NaN,,NaN,NaN,NaN,NaN,NaN,NaN,,NaN,NaN,306,2023-07-03_16h29.43.761,Main,2022.1.1,60.0329821059383
negative,yellow,2,k,None,NaN,NaN,NaN,NaN,NaN,NaN,NaN,NaN,0,225,225,225,NaN,,NaN,,,NaN,NaN,,NaN,,NaN,,NaN,,NaN,,main,k,k,1,0.613671400118619,701.181619199924,None,None,0,NaN,,NaN,,NaN,NaN,NaN,NaN,NaN,NaN,,NaN,NaN,306,2023-07-03_16h29.43.761,Main,2022.1.1,60.0329821059383
negative,blue,2,None,k,NaN,NaN,NaN,NaN,NaN,NaN,NaN,NaN,0,226,226,226,NaN,,NaN,,,NaN,NaN,,NaN,,NaN,,NaN,,NaN,,main,None,k,0,0.601461200043559,702.79832089995,None,None,1,NaN,,NaN,,NaN,NaN,NaN,NaN,NaN,NaN,,NaN,NaN,306,2023-07-03_16h29.43.761,Main,2022.1.1,60.0329821059383
positive,red,2,None,None,NaN,NaN,NaN,NaN,NaN,NaN,NaN,NaN,0,227,227,227,NaN,,NaN,,,NaN,NaN,,NaN,,NaN,,NaN,,NaN,,main,None,None,1,1.49851200007834,705.398271899903,None,None,1,NaN,,NaN,,NaN,NaN,NaN,NaN,NaN,NaN,,NaN,NaN,306,2023-07-03_16h29.43.761,Main,2022.1.1,60.0329821059383
positive,blue,2,k,None,NaN,NaN,NaN,NaN,NaN,NaN,NaN,NaN,0,228,228,228,NaN,,NaN,,,NaN,NaN,,NaN,,NaN,,NaN,,NaN,,main,k,k,1,0.751852100016549,707.895696599968,None,None,0,NaN,,NaN,,NaN,NaN,NaN,NaN,NaN,NaN,,NaN,NaN,306,2023-07-03_16h29.43.761,Main,2022.1.1,60.0329821059383
negative,blue,1,None,k,NaN,NaN,NaN,NaN,NaN,NaN,NaN,NaN,0,229,229,229,NaN,,NaN,,,NaN,NaN,,NaN,,NaN,,NaN,,NaN,,main,None,None,1,1.49888329999521,709.648297399981,None,None,1,NaN,,NaN,,NaN,NaN,NaN,NaN,NaN,NaN,,NaN,NaN,306,2023-07-03_16h29.43.761,Main,2022.1.1,60.0329821059383
positive,yellow,1,None,k,NaN,NaN,NaN,NaN,NaN,NaN,NaN,NaN,0,230,230,230,NaN,,NaN,,,NaN,NaN,,NaN,,NaN,,NaN,,NaN,,main,None,None,1,1.49650570005178,712.148315599887,None,None,1,NaN,,NaN,,NaN,NaN,NaN,NaN,NaN,NaN,,NaN,NaN,306,2023-07-03_16h29.43.761,Main,2022.1.1,60.0329821059383
negative,blue,2,None,k,NaN,NaN,NaN,NaN,NaN,NaN,NaN,NaN,0,231,231,231,NaN,,NaN,,,NaN,NaN,,NaN,,NaN,,NaN,,NaN,,main,None,None,1,1.50184540008195,714.645587699953,None,None,1,NaN,,NaN,,NaN,NaN,NaN,NaN,NaN,NaN,,NaN,NaN,306,2023-07-03_16h29.43.761,Main,2022.1.1,60.0329821059383
negative,red,1,None,None,NaN,NaN,NaN,NaN,NaN,NaN,NaN,NaN,0,232,232,232,NaN,,NaN,,,NaN,NaN,,NaN,,NaN,,NaN,,NaN,,main,None,None,1,1.4990668001119,717.148184299935,None,None,1,NaN,,NaN,,NaN,NaN,NaN,NaN,NaN,NaN,,NaN,NaN,306,2023-07-03_16h29.43.761,Main,2022.1.1,60.0329821059383
positive,blue,2,k,None,NaN,NaN,NaN,NaN,NaN,NaN,NaN,NaN,0,233,233,233,NaN,,NaN,,,NaN,NaN,,NaN,,NaN,,NaN,,NaN,,main,k,k,1,0.782621500082314,719.647925100056,None,None,0,NaN,,NaN,,NaN,NaN,NaN,NaN,NaN,NaN,,NaN,NaN,306,2023-07-03_16h29.43.761,Main,2022.1.1,60.0329821059383
negative,yellow,1,k,None,NaN,NaN,NaN,NaN,NaN,NaN,NaN,NaN,0,234,234,234,NaN,,NaN,,,NaN,NaN,,NaN,,NaN,,NaN,,NaN,,main,k,k,1,0.763308899942786,721.428905299865,None,None,0,NaN,,NaN,,NaN,NaN,NaN,NaN,NaN,NaN,,NaN,NaN,306,2023-07-03_16h29.43.761,Main,2022.1.1,60.0329821059383
negative,yellow,2,k,None,NaN,NaN,NaN,NaN,NaN,NaN,NaN,NaN,0,235,235,235,NaN,,NaN,,,NaN,NaN,,NaN,,NaN,,NaN,,NaN,,main,k,k,1,0.751740799983963,723.195393200032,None,None,0,NaN,,NaN,,NaN,NaN,NaN,NaN,NaN,NaN,,NaN,NaN,306,2023-07-03_16h29.43.761,Main,2022.1.1,60.0329821059383
positive,red,1,None,None,NaN,NaN,NaN,NaN,NaN,NaN,NaN,NaN,0,236,236,236,NaN,,NaN,,,NaN,NaN,,NaN,,NaN,,NaN,,NaN,,main,None,None,1,1.49915349995717,724.948006999912,None,None,1,NaN,,NaN,,NaN,NaN,NaN,NaN,NaN,NaN,,NaN,NaN,306,2023-07-03_16h29.43.761,Main,2022.1.1,60.0329821059383
negative,red,2,None,None,NaN,NaN,NaN,NaN,NaN,NaN,NaN,NaN,0,237,237,237,NaN,,NaN,,,NaN,NaN,,NaN,,NaN,,NaN,,NaN,,main,None,None,1,1.49628840014338,727.448382399976,None,None,1,NaN,,NaN,,NaN,NaN,NaN,NaN,NaN,NaN,,NaN,NaN,306,2023-07-03_16h29.43.761,Main,2022.1.1,60.0329821059383
negative,blue,1,None,k,NaN,NaN,NaN,NaN,NaN,NaN,NaN,NaN,0,238,238,238,NaN,,NaN,,,NaN,NaN,,NaN,,NaN,,NaN,,NaN,,main,None,None,1,1.49927089991979,729.945265599992,None,None,1,NaN,,NaN,,NaN,NaN,NaN,NaN,NaN,NaN,,NaN,NaN,306,2023-07-03_16h29.43.761,Main,2022.1.1,60.0329821059383
positive,blue,1,k,None,NaN,NaN,NaN,NaN,NaN,NaN,NaN,NaN,0,239,239,239,NaN,,NaN,,,NaN,NaN,,NaN,,NaN,,NaN,,NaN,,main,k,k,1,0.885395199991763,732.445235699881,None,None,0,NaN,,NaN,,NaN,NaN,NaN,NaN,NaN,NaN,,NaN,NaN,306,2023-07-03_16h29.43.761,Main,2022.1.1,60.0329821059383
,,NaN,,,NaN,NaN,NaN,NaN,NaN,NaN,NaN,NaN,NaN,NaN,NaN,NaN,NaN,,NaN,,,NaN,NaN,,NaN,,NaN,,NaN,,NaN,,,,,NaN,NaN,NaN,,,NaN,NaN,,NaN,,NaN,NaN,NaN,NaN,NaN,NaN,,734.328909199918,NaN,NaN,,,,NaN
