target,distractor,set,ans1,ans2,rep_loop2_thisRepN,rep_loop2_thisTrialN,rep_loop2_thisN,rep_loop2_thisIndex,flanker_prac_loop_thisRepN,flanker_prac_loop_thisTrialN,flanker_prac_loop_thisN,flanker_prac_loop_thisIndex,block_thisRepN,block_thisTrialN,block_thisN,block_thisIndex,flanker_main_loop_thisRepN,flanker_main_loop_thisTrialN,flanker_main_loop_thisN,flanker_main_loop_thisIndex,image_8_started,image_8_stopped,start_wait_started,start_wait_stopped,key_resp_9_keys,key_resp_9_rt,key_resp_9_started,key_resp_9_stopped,fl_inst_resp_keys,fl_inst_resp_rt,image_4_started,image_4_stopped,image_5_started,image_5_stopped,image_6_started,image_6_stopped,back_2_started,back_2_stopped,main_prac,fl_cold,fl_colt,fl_set,fl_dcond,fl_tcond,fl_ans,fl_res,fl_corr,fl_rt,fix_fl_started,fix_fl_stopped,targ_started,targ_stopped,j_button_started,j_button_stopped,k_button_started,k_button_stopped,l_button_started,l_button_stopped,j_button2_started,j_button2_stopped,k_button2_started,k_button2_stopped,l_button2_started,l_button2_stopped,mainback_started,mainback_stopped,key_resp_keys,key_resp_rt,mouse_6_x,mouse_6_y,mouse_6_leftButton,mouse_6_midButton,mouse_6_rightButton,mouse_6_started,mouse_6_stopped,image_7_started,image_7_stopped,contineu_img_started,contineu_img_stopped,key_resp_8_keys,key_resp_8_rt,key_resp_8_started,key_resp_8_stopped,id_,date,expName,psychopyVersion,frameRate
,,NaN,,,NaN,NaN,NaN,NaN,NaN,NaN,NaN,NaN,NaN,NaN,NaN,NaN,NaN,NaN,NaN,NaN,30.3103044000454,None,30.3103044000454,None,space,74.1650773999281,30.3103044000454,None,,NaN,NaN,,NaN,,NaN,,NaN,,,NaN,NaN,NaN,,,,,NaN,NaN,NaN,NaN,NaN,,NaN,,NaN,,NaN,,NaN,,NaN,,NaN,,NaN,,,NaN,NaN,NaN,NaN,NaN,NaN,NaN,,NaN,,NaN,,,NaN,NaN,,403,2023-08-15_14h51.45.687,Main,2022.1.1,30.2250496713769
,,NaN,,,0,0,0,0,NaN,NaN,NaN,NaN,NaN,NaN,NaN,NaN,NaN,NaN,NaN,NaN,NaN,,NaN,,,NaN,NaN,,space,26.3914879999356,132.018978200038,None,132.018978200038,None,NaN,,NaN,,,NaN,NaN,NaN,,,,,NaN,NaN,NaN,NaN,NaN,,NaN,,NaN,,NaN,,NaN,,NaN,,NaN,,NaN,,,NaN,NaN,NaN,NaN,NaN,NaN,NaN,,NaN,,NaN,,,NaN,NaN,,403,2023-08-15_14h51.45.687,Main,2022.1.1,30.2250496713769
negative,neutral,2,j,l,NaN,NaN,NaN,NaN,0,0,0,12,NaN,NaN,NaN,NaN,NaN,NaN,NaN,NaN,NaN,,NaN,,,NaN,NaN,,,NaN,NaN,,NaN,,133.046713700052,None,135.047862900072,None,prac,1,1,2,neutral,negative,l,l,1,3.80934929999057,137.115739500034,138.146238400019,138.046525800019,None,137.115739500034,None,137.115739500034,None,137.115739500034,None,141.93514680001,None,141.93514680001,None,141.93514680001,None,NaN,,,NaN,NaN,NaN,NaN,NaN,NaN,NaN,,NaN,,NaN,,,NaN,NaN,,403,2023-08-15_14h51.45.687,Main,2022.1.1,30.2250496713769
neutral,negative,2,k,k,NaN,NaN,NaN,NaN,0,1,1,16,NaN,NaN,NaN,NaN,NaN,NaN,NaN,NaN,NaN,,NaN,,,NaN,NaN,,,NaN,NaN,,NaN,,NaN,,NaN,,prac,1,1,2,negative,neutral,k,k,1,1.53921009995975,142.979296100093,143.978804700077,143.945267000003,None,142.979296100093,None,142.979296100093,None,142.979296100093,None,145.479488770035,None,145.479488770035,None,145.479488770035,None,NaN,,,NaN,NaN,NaN,NaN,NaN,NaN,NaN,,NaN,,NaN,,,NaN,NaN,,403,2023-08-15_14h51.45.687,Main,2022.1.1,30.2250496713769
negative,negative,2,j,l,NaN,NaN,NaN,NaN,0,2,2,9,NaN,NaN,NaN,NaN,NaN,NaN,NaN,NaN,NaN,,NaN,,,NaN,NaN,,,NaN,NaN,,NaN,,NaN,,NaN,,prac,1,1,2,negative,negative,l,l,1,1.78107270004693,145.47891960002,146.479316300014,146.446501800092,None,145.47891960002,None,145.47891960002,None,145.47891960002,None,148.262075870088,None,148.262075870088,None,148.262075870088,None,NaN,,,NaN,NaN,NaN,NaN,NaN,NaN,NaN,,NaN,,NaN,,,NaN,NaN,,403,2023-08-15_14h51.45.687,Main,2022.1.1,30.2250496713769
neutral,negative,1,k,k,NaN,NaN,NaN,NaN,0,3,3,7,NaN,NaN,NaN,NaN,NaN,NaN,NaN,NaN,NaN,,NaN,,,NaN,NaN,,,NaN,NaN,,NaN,,NaN,,NaN,,prac,1,1,1,negative,neutral,k,k,1,1.40333550004289,148.263792700018,149.264736399986,149.231639100006,None,148.263792700018,None,148.263792700018,None,148.263792700018,None,150.665347569995,None,150.665347569995,None,150.665347569995,None,NaN,,,NaN,NaN,NaN,NaN,NaN,NaN,NaN,,NaN,,NaN,,,NaN,NaN,,403,2023-08-15_14h51.45.687,Main,2022.1.1,30.2250496713769
positive,neutral,1,l,j,NaN,NaN,NaN,NaN,0,4,4,8,NaN,NaN,NaN,NaN,NaN,NaN,NaN,NaN,NaN,,NaN,,,NaN,NaN,,,NaN,NaN,,NaN,,NaN,,NaN,,prac,2,2,1,neutral,positive,j,j,1,1.89264370000456,150.69085740007,151.697810700047,151.664188300027,None,150.69085740007,None,150.69085740007,None,150.69085740007,None,153.563092370075,None,153.563092370075,None,153.563092370075,None,NaN,,,NaN,NaN,NaN,NaN,NaN,NaN,NaN,,NaN,,NaN,,,NaN,NaN,,403,2023-08-15_14h51.45.687,Main,2022.1.1,30.2250496713769
negative,positive,2,j,l,NaN,NaN,NaN,NaN,0,5,5,15,NaN,NaN,NaN,NaN,NaN,NaN,NaN,NaN,NaN,,NaN,,,NaN,NaN,,,NaN,NaN,,NaN,,NaN,,NaN,,prac,2,2,2,positive,negative,l,l,1,2.21675220003817,153.595958500053,154.614448799985,154.549099500058,None,153.595958500053,None,153.595958500053,None,153.595958500053,None,156.780796000035,None,156.780796000035,None,156.780796000035,None,NaN,,,NaN,NaN,NaN,NaN,NaN,NaN,NaN,,NaN,,NaN,,,NaN,NaN,,403,2023-08-15_14h51.45.687,Main,2022.1.1,30.2250496713769
neutral,positive,2,k,k,NaN,NaN,NaN,NaN,0,6,6,13,NaN,NaN,NaN,NaN,NaN,NaN,NaN,NaN,NaN,,NaN,,,NaN,NaN,,,NaN,NaN,,NaN,,NaN,,NaN,,prac,2,2,2,positive,neutral,k,k,1,1.14035080000758,157.783676400082,158.814729799982,158.7477373,None,157.783676400082,None,157.783676400082,None,157.783676400082,None,159.914251170028,None,159.914251170028,None,159.914251170028,None,NaN,,,NaN,NaN,NaN,NaN,NaN,NaN,NaN,,NaN,,NaN,,,NaN,NaN,,403,2023-08-15_14h51.45.687,Main,2022.1.1,30.2250496713769
positive,positive,2,l,j,NaN,NaN,NaN,NaN,0,7,7,11,NaN,NaN,NaN,NaN,NaN,NaN,NaN,NaN,NaN,,NaN,,,NaN,NaN,,,NaN,NaN,,NaN,,NaN,,NaN,,prac,2,2,2,positive,positive,j,j,1,1.39550020010211,159.915273100021,160.947397100041,160.880883000093,None,159.915273100021,None,159.915273100021,None,159.915273100021,None,162.312555170059,None,162.312555170059,None,162.312555170059,None,NaN,,,NaN,NaN,NaN,NaN,NaN,NaN,NaN,,NaN,,NaN,,,NaN,NaN,,403,2023-08-15_14h51.45.687,Main,2022.1.1,30.2250496713769
neutral,neutral,2,k,k,NaN,NaN,NaN,NaN,0,8,8,10,NaN,NaN,NaN,NaN,NaN,NaN,NaN,NaN,NaN,,NaN,,,NaN,NaN,,,NaN,NaN,,NaN,,NaN,,NaN,,prac,1,1,2,neutral,neutral,k,k,1,1.30202040006407,162.314702700009,163.316833400051,163.283495499985,None,162.314702700009,None,162.314702700009,None,162.314702700009,None,164.616127470066,None,164.616127470066,None,164.616127470066,None,NaN,,,NaN,NaN,NaN,NaN,NaN,NaN,NaN,,NaN,,NaN,,,NaN,NaN,,403,2023-08-15_14h51.45.687,Main,2022.1.1,30.2250496713769
positive,neutral,2,l,j,NaN,NaN,NaN,NaN,0,9,9,17,NaN,NaN,NaN,NaN,NaN,NaN,NaN,NaN,NaN,,NaN,,,NaN,NaN,,,NaN,NaN,,NaN,,NaN,,NaN,,prac,2,2,2,neutral,positive,j,j,1,1.29618509998545,164.617020200007,165.648596500047,165.614998299978,None,164.617020200007,None,164.617020200007,None,164.617020200007,None,166.914544270048,None,166.914544270048,None,166.914544270048,None,NaN,,,NaN,NaN,NaN,NaN,NaN,NaN,NaN,,NaN,,NaN,,,NaN,NaN,,403,2023-08-15_14h51.45.687,Main,2022.1.1,30.2250496713769
negative,negative,1,j,l,NaN,NaN,NaN,NaN,0,10,10,0,NaN,NaN,NaN,NaN,NaN,NaN,NaN,NaN,NaN,,NaN,,,NaN,NaN,,,NaN,NaN,,NaN,,NaN,,NaN,,prac,1,1,1,negative,negative,l,l,1,1.33187130000442,166.91421670001,167.935622800025,167.935622800025,None,166.91421670001,None,166.91421670001,None,166.91421670001,None,169.24845257008,None,169.24845257008,None,169.24845257008,None,NaN,,,NaN,NaN,NaN,NaN,NaN,NaN,NaN,,NaN,,NaN,,,NaN,NaN,,403,2023-08-15_14h51.45.687,Main,2022.1.1,30.2250496713769
negative,neutral,1,j,l,NaN,NaN,NaN,NaN,0,11,11,3,NaN,NaN,NaN,NaN,NaN,NaN,NaN,NaN,NaN,,NaN,,,NaN,NaN,,,NaN,NaN,,NaN,,NaN,,NaN,,prac,1,1,1,neutral,negative,l,l,1,1.19706999999471,169.249186600093,170.247898900067,170.215480500017,None,169.249186600093,None,169.249186600093,None,169.249186600093,None,171.447884770017,None,171.447884770017,None,171.447884770017,None,NaN,,,NaN,NaN,NaN,NaN,NaN,NaN,NaN,,NaN,,NaN,,,NaN,NaN,,403,2023-08-15_14h51.45.687,Main,2022.1.1,30.2250496713769
positive,positive,1,l,j,NaN,NaN,NaN,NaN,0,12,12,2,NaN,NaN,NaN,NaN,NaN,NaN,NaN,NaN,NaN,,NaN,,,NaN,NaN,,,NaN,NaN,,NaN,,NaN,,NaN,,prac,1,1,1,positive,positive,j,j,1,1.28149390011095,171.480481800041,172.496560900006,172.464372800081,None,171.480481800041,None,171.480481800041,None,171.480481800041,None,173.731498870091,None,173.731498870091,None,173.731498870091,None,NaN,,,NaN,NaN,NaN,NaN,NaN,NaN,NaN,,NaN,,NaN,,,NaN,NaN,,403,2023-08-15_14h51.45.687,Main,2022.1.1,30.2250496713769
negative,positive,1,j,l,NaN,NaN,NaN,NaN,0,13,13,6,NaN,NaN,NaN,NaN,NaN,NaN,NaN,NaN,NaN,,NaN,,,NaN,NaN,,,NaN,NaN,,NaN,,NaN,,NaN,,prac,1,1,1,positive,negative,l,l,1,1.41502590000164,173.733088699984,174.733270200086,174.70012500009,None,173.733088699984,None,173.733088699984,None,173.733088699984,None,176.147165970085,None,176.147165970085,None,176.147165970085,None,NaN,,,NaN,NaN,NaN,NaN,NaN,NaN,NaN,,NaN,,NaN,,,NaN,NaN,,403,2023-08-15_14h51.45.687,Main,2022.1.1,30.2250496713769
positive,negative,1,l,j,NaN,NaN,NaN,NaN,0,14,14,5,NaN,NaN,NaN,NaN,NaN,NaN,NaN,NaN,NaN,,NaN,,,NaN,NaN,,,NaN,NaN,,NaN,,NaN,,NaN,,prac,2,2,1,negative,positive,j,j,1,1.3819150000345,176.181057300069,177.197781100054,177.132357200026,None,176.181057300069,None,176.181057300069,None,176.181057300069,None,178.531482570013,None,178.531482570013,None,178.531482570013,None,NaN,,,NaN,NaN,NaN,NaN,NaN,NaN,NaN,,NaN,,NaN,,,NaN,NaN,,403,2023-08-15_14h51.45.687,Main,2022.1.1,30.2250496713769
neutral,neutral,1,k,k,NaN,NaN,NaN,NaN,0,15,15,1,NaN,NaN,NaN,NaN,NaN,NaN,NaN,NaN,NaN,,NaN,,,NaN,NaN,,,NaN,NaN,,NaN,,NaN,,NaN,,prac,1,1,1,neutral,neutral,k,k,1,1.76524380000774,178.532299100072,179.533228900051,179.49978860002,None,178.532299100072,None,178.532299100072,None,178.532299100072,None,181.298391170008,None,181.298391170008,None,181.298391170008,None,NaN,,,NaN,NaN,NaN,NaN,NaN,NaN,NaN,,NaN,,NaN,,,NaN,NaN,,403,2023-08-15_14h51.45.687,Main,2022.1.1,30.2250496713769
neutral,positive,1,k,k,NaN,NaN,NaN,NaN,0,16,16,4,NaN,NaN,NaN,NaN,NaN,NaN,NaN,NaN,NaN,,NaN,,,NaN,NaN,,,NaN,NaN,,NaN,,NaN,,NaN,,prac,1,1,1,positive,neutral,k,k,1,1.39740000001621,181.29951859999,182.331588700064,182.264949100092,None,181.29951859999,None,181.29951859999,None,181.29951859999,None,183.697786470084,None,183.697786470084,None,183.697786470084,None,NaN,,,NaN,NaN,NaN,NaN,NaN,NaN,NaN,,NaN,,NaN,,,NaN,NaN,,403,2023-08-15_14h51.45.687,Main,2022.1.1,30.2250496713769
positive,negative,2,l,j,NaN,NaN,NaN,NaN,0,17,17,14,NaN,NaN,NaN,NaN,NaN,NaN,NaN,NaN,NaN,,NaN,,,NaN,NaN,,,NaN,NaN,,NaN,,NaN,,NaN,,prac,2,2,2,negative,positive,j,j,1,2.03312949999236,183.698813399998,184.730910200044,184.664267500048,None,183.698813399998,None,183.698813399998,None,183.698813399998,None,186.734066399978,None,186.734066399978,None,186.734066399978,None,NaN,,,NaN,NaN,NaN,NaN,NaN,NaN,NaN,,NaN,,NaN,,,NaN,NaN,,403,2023-08-15_14h51.45.687,Main,2022.1.1,30.2250496713769
,,NaN,,,NaN,NaN,NaN,NaN,NaN,NaN,NaN,NaN,NaN,NaN,NaN,NaN,NaN,NaN,NaN,NaN,NaN,,NaN,,,NaN,NaN,,,NaN,NaN,,NaN,,NaN,,NaN,,,NaN,NaN,NaN,,,,,NaN,NaN,NaN,NaN,NaN,,NaN,,NaN,,NaN,,NaN,,NaN,,NaN,,187.762177800061,None,space,20.6490828000242,NaN,NaN,NaN,NaN,NaN,NaN,,NaN,,NaN,,,NaN,NaN,,403,2023-08-15_14h51.45.687,Main,2022.1.1,30.2250496713769
,,NaN,,,NaN,NaN,NaN,NaN,NaN,NaN,NaN,NaN,NaN,NaN,NaN,NaN,NaN,NaN,NaN,NaN,NaN,,NaN,,,NaN,NaN,,,NaN,NaN,,NaN,,NaN,,NaN,,,NaN,NaN,NaN,,,,,NaN,NaN,NaN,NaN,NaN,,NaN,,NaN,,NaN,,NaN,,NaN,,NaN,,NaN,,,NaN,0.58981484,-0.4037037,0,0,0,0.0318014700897038,None,NaN,,NaN,,,NaN,NaN,,403,2023-08-15_14h51.45.687,Main,2022.1.1,30.2250496713769
neutral,neutral,1,k,k,NaN,NaN,NaN,NaN,NaN,NaN,NaN,NaN,0,0,0,0,0,0,0,1,NaN,,NaN,,,NaN,NaN,,,NaN,NaN,,NaN,,NaN,,208.467256600037,None,main,2,2,1,neutral,neutral,k,k,1,1.34594909998123,210.489949400071,211.516530800029,211.450035299989,None,210.489949400071,None,210.489949400071,None,210.489949400071,None,212.816412469978,None,212.816412469978,None,212.816412469978,None,NaN,,,NaN,NaN,NaN,NaN,NaN,NaN,NaN,,187.762177800061,None,NaN,,,NaN,NaN,,403,2023-08-15_14h51.45.687,Main,2022.1.1,30.2250496713769
neutral,neutral,2,k,k,NaN,NaN,NaN,NaN,NaN,NaN,NaN,NaN,0,0,0,0,0,1,1,10,NaN,,NaN,,,NaN,NaN,,,NaN,NaN,,NaN,,NaN,,NaN,,main,1,1,2,neutral,neutral,k,k,1,0.798759700031951,212.817894099979,213.817770700087,213.785335200024,None,212.817894099979,None,212.817894099979,None,212.817894099979,None,214.617197670066,None,214.617197670066,None,214.617197670066,None,NaN,,,NaN,NaN,NaN,NaN,NaN,NaN,NaN,,NaN,,NaN,,,NaN,NaN,,403,2023-08-15_14h51.45.687,Main,2022.1.1,30.2250496713769
positive,positive,2,l,j,NaN,NaN,NaN,NaN,NaN,NaN,NaN,NaN,0,0,0,0,0,2,2,11,NaN,,NaN,,,NaN,NaN,,,NaN,NaN,,NaN,,NaN,,NaN,,main,2,2,2,positive,positive,j,j,1,1.06489370006602,214.61783880007,215.650063500041,215.582954299985,None,214.61783880007,None,214.61783880007,None,214.61783880007,None,216.684084070055,None,216.684084070055,None,216.684084070055,None,NaN,,,NaN,NaN,NaN,NaN,NaN,NaN,NaN,,NaN,,NaN,,,NaN,NaN,,403,2023-08-15_14h51.45.687,Main,2022.1.1,30.2250496713769
positive,neutral,2,l,j,NaN,NaN,NaN,NaN,NaN,NaN,NaN,NaN,0,0,0,0,0,3,3,17,NaN,,NaN,,,NaN,NaN,,,NaN,NaN,,NaN,,NaN,,NaN,,main,1,1,2,neutral,positive,j,j,1,1.03077389998361,216.685298900004,217.684904800029,217.651294799987,None,216.685298900004,None,216.685298900004,None,216.685298900004,None,218.717374469992,None,218.717374469992,None,218.717374469992,None,NaN,,,NaN,NaN,NaN,NaN,NaN,NaN,NaN,,NaN,,NaN,,,NaN,NaN,,403,2023-08-15_14h51.45.687,Main,2022.1.1,30.2250496713769
neutral,positive,2,k,k,NaN,NaN,NaN,NaN,NaN,NaN,NaN,NaN,0,0,0,0,0,4,4,13,NaN,,NaN,,,NaN,NaN,,,NaN,NaN,,NaN,,NaN,,NaN,,main,2,2,2,positive,neutral,k,k,1,0.99999410007149,218.720026700059,219.75048180006,219.683600899996,None,218.720026700059,None,218.720026700059,None,218.720026700059,None,220.717503470043,None,220.717503470043,None,220.717503470043,None,NaN,,,NaN,NaN,NaN,NaN,NaN,NaN,NaN,,NaN,,NaN,,,NaN,NaN,,403,2023-08-15_14h51.45.687,Main,2022.1.1,30.2250496713769
negative,positive,2,j,l,NaN,NaN,NaN,NaN,NaN,NaN,NaN,NaN,0,0,0,0,0,5,5,15,NaN,,NaN,,,NaN,NaN,,,NaN,NaN,,NaN,,NaN,,NaN,,main,1,1,2,positive,negative,l,l,1,1.13037430006079,220.738613100024,221.749928900041,221.716490300023,None,220.738613100024,None,220.738613100024,None,220.738613100024,None,222.852456770046,None,222.852456770046,None,222.852456770046,None,NaN,,,NaN,NaN,NaN,NaN,NaN,NaN,NaN,,NaN,,NaN,,,NaN,NaN,,403,2023-08-15_14h51.45.687,Main,2022.1.1,30.2250496713769
positive,positive,1,l,j,NaN,NaN,NaN,NaN,NaN,NaN,NaN,NaN,0,0,0,0,0,6,6,2,NaN,,NaN,,,NaN,NaN,,,NaN,NaN,,NaN,,NaN,,NaN,,main,1,1,1,positive,positive,j,k,0,1.09962399990764,222.853832200053,223.870042000082,223.836607499979,None,222.853832200053,None,222.853832200053,None,222.853832200053,None,224.977819500025,None,224.977819500025,None,224.977819500025,None,NaN,,,NaN,NaN,NaN,NaN,NaN,NaN,NaN,,NaN,,NaN,,,NaN,NaN,,403,2023-08-15_14h51.45.687,Main,2022.1.1,30.2250496713769
positive,negative,2,l,j,NaN,NaN,NaN,NaN,NaN,NaN,NaN,NaN,0,0,0,0,0,7,7,14,NaN,,NaN,,,NaN,NaN,,,NaN,NaN,,NaN,,NaN,,NaN,,main,2,2,2,negative,positive,j,j,1,1.57346210000105,226.000930199982,227.002150200075,226.96825949999,None,226.000930199982,None,226.000930199982,None,226.000930199982,None,228.568087370042,None,228.568087370042,None,228.568087370042,None,NaN,,,NaN,NaN,NaN,NaN,NaN,NaN,NaN,,NaN,,NaN,,,NaN,NaN,,403,2023-08-15_14h51.45.687,Main,2022.1.1,30.2250496713769
negative,negative,2,j,l,NaN,NaN,NaN,NaN,NaN,NaN,NaN,NaN,0,0,0,0,0,8,8,9,NaN,,NaN,,,NaN,NaN,,,NaN,NaN,,NaN,,NaN,,NaN,,main,2,2,2,negative,negative,l,l,1,1.23244509997312,228.567666999996,229.568385499995,229.535102900001,None,228.567666999996,None,228.567666999996,None,228.567666999996,None,230.801970870025,None,230.801970870025,None,230.801970870025,None,NaN,,,NaN,NaN,NaN,NaN,NaN,NaN,NaN,,NaN,,NaN,,,NaN,NaN,,403,2023-08-15_14h51.45.687,Main,2022.1.1,30.2250496713769
negative,negative,1,j,l,NaN,NaN,NaN,NaN,NaN,NaN,NaN,NaN,0,0,0,0,0,9,9,0,NaN,,NaN,,,NaN,NaN,,,NaN,NaN,,NaN,,NaN,,NaN,,main,2,2,1,negative,negative,l,l,1,1.46558469999582,230.805493800086,231.835973700043,231.769798900001,None,230.805493800086,None,230.805493800086,None,230.805493800086,None,233.269741470017,None,233.269741470017,None,233.269741470017,None,NaN,,,NaN,NaN,NaN,NaN,NaN,NaN,NaN,,NaN,,NaN,,,NaN,NaN,,403,2023-08-15_14h51.45.687,Main,2022.1.1,30.2250496713769
negative,neutral,2,j,l,NaN,NaN,NaN,NaN,NaN,NaN,NaN,NaN,0,0,0,0,0,10,10,12,NaN,,NaN,,,NaN,NaN,,,NaN,NaN,,NaN,,NaN,,NaN,,main,1,1,2,neutral,negative,l,l,1,1.29686170001514,233.2698752,234.269430799992,234.236307500047,None,233.2698752,None,233.2698752,None,233.2698752,None,235.568987970031,None,235.568987970031,None,235.568987970031,None,NaN,,,NaN,NaN,NaN,NaN,NaN,NaN,NaN,,NaN,,NaN,,,NaN,NaN,,403,2023-08-15_14h51.45.687,Main,2022.1.1,30.2250496713769
negative,positive,1,j,l,NaN,NaN,NaN,NaN,NaN,NaN,NaN,NaN,0,0,0,0,0,11,11,6,NaN,,NaN,,,NaN,NaN,,,NaN,NaN,,NaN,,NaN,,NaN,,main,1,1,1,positive,negative,l,l,1,1.23076900001615,235.568914300064,236.600586100016,236.534117000061,None,235.568914300064,None,235.568914300064,None,235.568914300064,None,237.801510370011,None,237.801510370011,None,237.801510370011,None,NaN,,,NaN,NaN,NaN,NaN,NaN,NaN,NaN,,NaN,,NaN,,,NaN,NaN,,403,2023-08-15_14h51.45.687,Main,2022.1.1,30.2250496713769
positive,neutral,1,l,j,NaN,NaN,NaN,NaN,NaN,NaN,NaN,NaN,0,0,0,0,0,12,12,8,NaN,,NaN,,,NaN,NaN,,,NaN,NaN,,NaN,,NaN,,NaN,,main,1,1,1,neutral,positive,j,j,1,1.22996170003898,237.801619500038,238.834106500028,238.766963400063,None,237.801619500038,None,237.801619500038,None,237.801619500038,None,240.03488407007,None,240.03488407007,None,240.03488407007,None,NaN,,,NaN,NaN,NaN,NaN,NaN,NaN,NaN,,NaN,,NaN,,,NaN,NaN,,403,2023-08-15_14h51.45.687,Main,2022.1.1,30.2250496713769
neutral,negative,2,k,k,NaN,NaN,NaN,NaN,NaN,NaN,NaN,NaN,0,0,0,0,0,13,13,16,NaN,,NaN,,,NaN,NaN,,,NaN,NaN,,NaN,,NaN,,NaN,,main,1,1,2,negative,neutral,k,k,1,1.20846400002483,240.068502800073,241.085032400093,241.017596699996,None,240.068502800073,None,240.068502800073,None,240.068502800073,None,242.253848770075,None,242.253848770075,None,242.253848770075,None,NaN,,,NaN,NaN,NaN,NaN,NaN,NaN,NaN,,NaN,,NaN,,,NaN,NaN,,403,2023-08-15_14h51.45.687,Main,2022.1.1,30.2250496713769
neutral,positive,1,k,k,NaN,NaN,NaN,NaN,NaN,NaN,NaN,NaN,0,0,0,0,0,14,14,4,NaN,,NaN,,,NaN,NaN,,,NaN,NaN,,NaN,,NaN,,NaN,,main,2,2,1,positive,neutral,k,k,1,1.04554040008225,242.279189200024,243.302958799992,243.236183500034,None,242.279189200024,None,242.279189200024,None,242.279189200024,None,244.302404570067,None,244.302404570067,None,244.302404570067,None,NaN,,,NaN,NaN,NaN,NaN,NaN,NaN,NaN,,NaN,,NaN,,,NaN,NaN,,403,2023-08-15_14h51.45.687,Main,2022.1.1,30.2250496713769
neutral,negative,1,k,k,NaN,NaN,NaN,NaN,NaN,NaN,NaN,NaN,0,0,0,0,0,15,15,7,NaN,,NaN,,,NaN,NaN,,,NaN,NaN,,NaN,,NaN,,NaN,,main,1,1,1,negative,neutral,k,k,1,1.09673280001152,244.304348000092,245.335395800066,245.268036400084,None,244.304348000092,None,244.304348000092,None,244.304348000092,None,246.401474170061,None,246.401474170061,None,246.401474170061,None,NaN,,,NaN,NaN,NaN,NaN,NaN,NaN,NaN,,NaN,,NaN,,,NaN,NaN,,403,2023-08-15_14h51.45.687,Main,2022.1.1,30.2250496713769
positive,negative,1,l,j,NaN,NaN,NaN,NaN,NaN,NaN,NaN,NaN,0,0,0,0,0,16,16,5,NaN,,NaN,,,NaN,NaN,,,NaN,NaN,,NaN,,NaN,,NaN,,main,2,2,1,negative,positive,j,j,1,1.20009840000421,246.401583200088,247.403006099979,247.369712000014,None,246.401583200088,None,246.401583200088,None,246.401583200088,None,248.602035569982,None,248.602035569982,None,248.602035569982,None,NaN,,,NaN,NaN,NaN,NaN,NaN,NaN,NaN,,NaN,,NaN,,,NaN,NaN,,403,2023-08-15_14h51.45.687,Main,2022.1.1,30.2250496713769
negative,neutral,1,j,l,NaN,NaN,NaN,NaN,NaN,NaN,NaN,NaN,0,0,0,0,0,17,17,3,NaN,,NaN,,,NaN,NaN,,,NaN,NaN,,NaN,,NaN,,NaN,,main,2,2,1,neutral,negative,l,l,1,1.13364279991947,248.602089800057,249.634376300033,249.601020800066,None,248.602089800057,None,248.602089800057,None,248.602089800057,None,250.736633970076,None,250.736633970076,None,250.736633970076,None,NaN,,,NaN,NaN,NaN,NaN,NaN,NaN,NaN,,NaN,,NaN,,,NaN,NaN,,403,2023-08-15_14h51.45.687,Main,2022.1.1,30.2250496713769
negative,negative,2,j,l,NaN,NaN,NaN,NaN,NaN,NaN,NaN,NaN,0,0,0,0,1,0,18,9,NaN,,NaN,,,NaN,NaN,,,NaN,NaN,,NaN,,NaN,,NaN,,main,2,2,2,negative,negative,l,l,1,1.37123679998331,250.755357700051,251.787774400087,251.72009279998,None,250.755357700051,None,250.755357700051,None,250.755357700051,None,253.109554470074,None,253.109554470074,None,253.109554470074,None,NaN,,,NaN,NaN,NaN,NaN,NaN,NaN,NaN,,NaN,,NaN,,,NaN,NaN,,403,2023-08-15_14h51.45.687,Main,2022.1.1,30.2250496713769
neutral,negative,2,k,k,NaN,NaN,NaN,NaN,NaN,NaN,NaN,NaN,0,0,0,0,1,1,19,16,NaN,,NaN,,,NaN,NaN,,,NaN,NaN,,NaN,,NaN,,NaN,,main,1,1,2,negative,neutral,k,k,1,1.98941130004823,253.127468900057,254.136863299995,254.103357700049,None,253.127468900057,None,253.127468900057,None,253.127468900057,None,256.102806970035,None,256.102806970035,None,256.102806970035,None,NaN,,,NaN,NaN,NaN,NaN,NaN,NaN,NaN,,NaN,,NaN,,,NaN,NaN,,403,2023-08-15_14h51.45.687,Main,2022.1.1,30.2250496713769
negative,positive,1,j,l,NaN,NaN,NaN,NaN,NaN,NaN,NaN,NaN,0,0,0,0,1,2,20,6,NaN,,NaN,,,NaN,NaN,,,NaN,NaN,,NaN,,NaN,,NaN,,main,1,1,1,positive,negative,l,l,1,1.19542650005314,256.104060300044,257.136659300071,257.103117900086,None,256.104060300044,None,256.104060300044,None,256.104060300044,None,258.302075370005,None,258.302075370005,None,258.302075370005,None,NaN,,,NaN,NaN,NaN,NaN,NaN,NaN,NaN,,NaN,,NaN,,,NaN,NaN,,403,2023-08-15_14h51.45.687,Main,2022.1.1,30.2250496713769
neutral,positive,1,k,k,NaN,NaN,NaN,NaN,NaN,NaN,NaN,NaN,0,0,0,0,1,3,21,4,NaN,,NaN,,,NaN,NaN,,,NaN,NaN,,NaN,,NaN,,NaN,,main,1,1,1,positive,neutral,k,k,1,1.16869459999725,258.30264010001,259.335366000072,259.268353200052,None,258.30264010001,None,258.30264010001,None,258.30264010001,None,260.469110470056,None,260.469110470056,None,260.469110470056,None,NaN,,,NaN,NaN,NaN,NaN,NaN,NaN,NaN,,NaN,,NaN,,,NaN,NaN,,403,2023-08-15_14h51.45.687,Main,2022.1.1,30.2250496713769
positive,neutral,2,l,j,NaN,NaN,NaN,NaN,NaN,NaN,NaN,NaN,0,0,0,0,1,4,22,17,NaN,,NaN,,,NaN,NaN,,,NaN,NaN,,NaN,,NaN,,NaN,,main,2,2,2,neutral,positive,j,j,1,1.34592659992632,260.489613900078,261.519257200067,261.452810400049,None,260.489613900078,None,260.489613900078,None,260.489613900078,None,262.82003877,None,262.82003877,None,262.82003877,None,NaN,,,NaN,NaN,NaN,NaN,NaN,NaN,NaN,,NaN,,NaN,,,NaN,NaN,,403,2023-08-15_14h51.45.687,Main,2022.1.1,30.2250496713769
positive,neutral,1,l,j,NaN,NaN,NaN,NaN,NaN,NaN,NaN,NaN,0,0,0,0,1,5,23,8,NaN,,NaN,,,NaN,NaN,,,NaN,NaN,,NaN,,NaN,,NaN,,main,2,2,1,neutral,positive,j,j,1,0.996659999946132,262.81990370003,263.818491599988,263.785903500044,None,262.81990370003,None,262.81990370003,None,262.81990370003,None,264.819086370082,None,264.819086370082,None,264.819086370082,None,NaN,,,NaN,NaN,NaN,NaN,NaN,NaN,NaN,,NaN,,NaN,,,NaN,NaN,,403,2023-08-15_14h51.45.687,Main,2022.1.1,30.2250496713769
neutral,negative,1,k,k,NaN,NaN,NaN,NaN,NaN,NaN,NaN,NaN,0,0,0,0,1,6,24,7,NaN,,NaN,,,NaN,NaN,,,NaN,NaN,,NaN,,NaN,,NaN,,main,2,2,1,negative,neutral,k,k,1,1.19774600001983,264.820102700032,265.820379500045,265.786802100018,None,264.820102700032,None,264.820102700032,None,264.820102700032,None,267.019623070047,None,267.019623070047,None,267.019623070047,None,NaN,,,NaN,NaN,NaN,NaN,NaN,NaN,NaN,,NaN,,NaN,,,NaN,NaN,,403,2023-08-15_14h51.45.687,Main,2022.1.1,30.2250496713769
negative,positive,2,j,l,NaN,NaN,NaN,NaN,NaN,NaN,NaN,NaN,0,0,0,0,1,7,25,15,NaN,,NaN,,,NaN,NaN,,,NaN,NaN,,NaN,,NaN,,NaN,,main,1,1,2,positive,negative,l,l,1,0.99961479997728,267.021207000013,268.020937200054,267.987480400014,None,267.021207000013,None,267.021207000013,None,267.021207000013,None,269.020059569995,None,269.020059569995,None,269.020059569995,None,NaN,,,NaN,NaN,NaN,NaN,NaN,NaN,NaN,,NaN,,NaN,,,NaN,NaN,,403,2023-08-15_14h51.45.687,Main,2022.1.1,30.2250496713769
negative,neutral,2,j,l,NaN,NaN,NaN,NaN,NaN,NaN,NaN,NaN,0,0,0,0,1,8,26,12,NaN,,NaN,,,NaN,NaN,,,NaN,NaN,,NaN,,NaN,,NaN,,main,1,1,2,neutral,negative,l,l,1,1.26610140001867,269.020456600003,270.020454999991,269.987283700029,None,269.020456600003,None,269.020456600003,None,269.020456600003,None,271.286880170018,None,271.286880170018,None,271.286880170018,None,NaN,,,NaN,NaN,NaN,NaN,NaN,NaN,NaN,,NaN,,NaN,,,NaN,NaN,,403,2023-08-15_14h51.45.687,Main,2022.1.1,30.2250496713769
negative,negative,1,j,l,NaN,NaN,NaN,NaN,NaN,NaN,NaN,NaN,0,0,0,0,1,9,27,0,NaN,,NaN,,,NaN,NaN,,,NaN,NaN,,NaN,,NaN,,NaN,,main,2,2,1,negative,negative,l,l,1,1.03031770000234,271.287864500075,272.288048200076,272.254417999997,None,271.287864500075,None,271.287864500075,None,271.287864500075,None,273.320508470084,None,273.320508470084,None,273.320508470084,None,NaN,,,NaN,NaN,NaN,NaN,NaN,NaN,NaN,,NaN,,NaN,,,NaN,NaN,,403,2023-08-15_14h51.45.687,Main,2022.1.1,30.2250496713769
positive,positive,1,l,j,NaN,NaN,NaN,NaN,NaN,NaN,NaN,NaN,0,0,0,0,1,10,28,2,NaN,,NaN,,,NaN,NaN,,,NaN,NaN,,NaN,,NaN,,NaN,,main,1,1,1,positive,positive,j,k,0,1.53031900001224,273.321164900088,274.353088300093,274.285851799999,None,273.321164900088,None,273.321164900088,None,273.321164900088,None,275.853573300061,None,275.853573300061,None,275.853573300061,None,NaN,,,NaN,NaN,NaN,NaN,NaN,NaN,NaN,,NaN,,NaN,,,NaN,NaN,,403,2023-08-15_14h51.45.687,Main,2022.1.1,30.2250496713769
neutral,positive,2,k,k,NaN,NaN,NaN,NaN,NaN,NaN,NaN,NaN,0,0,0,0,1,11,29,13,NaN,,NaN,,,NaN,NaN,,,NaN,NaN,,NaN,,NaN,,NaN,,main,2,2,2,positive,neutral,k,k,1,1.10710439994,276.852984099998,277.854342999985,277.820984799997,None,276.852984099998,None,276.852984099998,None,276.852984099998,None,278.953965969989,None,278.953965969989,None,278.953965969989,None,NaN,,,NaN,NaN,NaN,NaN,NaN,NaN,NaN,,NaN,,NaN,,,NaN,NaN,,403,2023-08-15_14h51.45.687,Main,2022.1.1,30.2250496713769
neutral,neutral,2,k,k,NaN,NaN,NaN,NaN,NaN,NaN,NaN,NaN,0,0,0,0,1,12,30,10,NaN,,NaN,,,NaN,NaN,,,NaN,NaN,,NaN,,NaN,,NaN,,main,2,2,2,neutral,neutral,k,k,1,1.19460429996252,278.955589600024,279.985627099988,279.952616600087,None,278.955589600024,None,278.955589600024,None,278.955589600024,None,281.154021870019,None,281.154021870019,None,281.154021870019,None,NaN,,,NaN,NaN,NaN,NaN,NaN,NaN,NaN,,NaN,,NaN,,,NaN,NaN,,403,2023-08-15_14h51.45.687,Main,2022.1.1,30.2250496713769
negative,neutral,1,j,l,NaN,NaN,NaN,NaN,NaN,NaN,NaN,NaN,0,0,0,0,1,13,31,3,NaN,,NaN,,,NaN,NaN,,,NaN,NaN,,NaN,,NaN,,NaN,,main,1,1,1,neutral,negative,l,l,1,1.3334470000118,281.154373000027,282.154176100041,282.120653900085,None,281.154373000027,None,281.154373000027,None,281.154373000027,None,283.48652617007,None,283.48652617007,None,283.48652617007,None,NaN,,,NaN,NaN,NaN,NaN,NaN,NaN,NaN,,NaN,,NaN,,,NaN,NaN,,403,2023-08-15_14h51.45.687,Main,2022.1.1,30.2250496713769
neutral,neutral,1,k,k,NaN,NaN,NaN,NaN,NaN,NaN,NaN,NaN,0,0,0,0,1,14,32,1,NaN,,NaN,,,NaN,NaN,,,NaN,NaN,,NaN,,NaN,,NaN,,main,1,1,1,neutral,neutral,k,k,1,1.39717729995027,283.486355600064,284.486955899978,284.486955899978,None,283.486355600064,None,283.486355600064,None,283.486355600064,None,285.887179070059,None,285.887179070059,None,285.887179070059,None,NaN,,,NaN,NaN,NaN,NaN,NaN,NaN,NaN,,NaN,,NaN,,,NaN,NaN,,403,2023-08-15_14h51.45.687,Main,2022.1.1,30.2250496713769
positive,negative,1,l,j,NaN,NaN,NaN,NaN,NaN,NaN,NaN,NaN,0,0,0,0,1,15,33,5,NaN,,NaN,,,NaN,NaN,,,NaN,NaN,,NaN,,NaN,,NaN,,main,2,2,1,negative,positive,j,j,1,2.09936370002106,285.888176499982,286.888491300051,286.85555550002,None,285.888176499982,None,285.888176499982,None,285.888176499982,None,288.988445000025,None,288.988445000025,None,288.988445000025,None,NaN,,,NaN,NaN,NaN,NaN,NaN,NaN,NaN,,NaN,,NaN,,,NaN,NaN,,403,2023-08-15_14h51.45.687,Main,2022.1.1,30.2250496713769
positive,positive,2,l,j,NaN,NaN,NaN,NaN,NaN,NaN,NaN,NaN,0,0,0,0,1,16,34,11,NaN,,NaN,,,NaN,NaN,,,NaN,NaN,,NaN,,NaN,,NaN,,main,2,2,2,positive,positive,j,j,1,1.24056700000074,290.020495100063,291.021415500087,290.988004000043,None,290.020495100063,None,290.020495100063,None,290.020495100063,None,292.253685869998,None,292.253685869998,None,292.253685869998,None,NaN,,,NaN,NaN,NaN,NaN,NaN,NaN,NaN,,NaN,,NaN,,,NaN,NaN,,403,2023-08-15_14h51.45.687,Main,2022.1.1,30.2250496713769
positive,negative,2,l,j,NaN,NaN,NaN,NaN,NaN,NaN,NaN,NaN,0,0,0,0,1,17,35,14,NaN,,NaN,,,NaN,NaN,,,NaN,NaN,,NaN,,NaN,,NaN,,main,1,1,2,negative,positive,j,j,1,1.06311810004991,292.255686299992,293.287337300018,293.253956400091,None,292.255686299992,None,292.255686299992,None,292.255686299992,None,294.320342669985,None,294.320342669985,None,294.320342669985,None,NaN,,,NaN,NaN,NaN,NaN,NaN,NaN,NaN,,NaN,,NaN,,,NaN,NaN,,403,2023-08-15_14h51.45.687,Main,2022.1.1,30.2250496713769
neutral,neutral,1,k,k,NaN,NaN,NaN,NaN,NaN,NaN,NaN,NaN,0,0,0,0,2,0,36,1,NaN,,NaN,,,NaN,NaN,,,NaN,NaN,,NaN,,NaN,,NaN,,main,1,1,1,neutral,neutral,k,k,1,1.06961600005161,294.321367900004,295.35428119998,295.287254700088,None,294.321367900004,None,294.321367900004,None,294.321367900004,None,296.389995670086,None,296.389995670086,None,296.389995670086,None,NaN,,,NaN,NaN,NaN,NaN,NaN,NaN,NaN,,NaN,,NaN,,,NaN,NaN,,403,2023-08-15_14h51.45.687,Main,2022.1.1,30.2250496713769
positive,positive,1,l,j,NaN,NaN,NaN,NaN,NaN,NaN,NaN,NaN,0,0,0,0,2,1,37,2,NaN,,NaN,,,NaN,NaN,,,NaN,NaN,,NaN,,NaN,,NaN,,main,1,1,1,positive,positive,j,j,1,1.41221899993252,296.423715400044,297.456160800066,297.389008500031,None,296.423715400044,None,296.423715400044,None,296.423715400044,None,298.805522970064,None,298.805522970064,None,298.805522970064,None,NaN,,,NaN,NaN,NaN,NaN,NaN,NaN,NaN,,NaN,,NaN,,,NaN,NaN,,403,2023-08-15_14h51.45.687,Main,2022.1.1,30.2250496713769
neutral,negative,1,k,k,NaN,NaN,NaN,NaN,NaN,NaN,NaN,NaN,0,0,0,0,2,2,38,7,NaN,,NaN,,,NaN,NaN,,,NaN,NaN,,NaN,,NaN,,NaN,,main,1,1,1,negative,neutral,k,k,1,1.26578699995298,298.805973900016,299.805664999993,299.772302100086,None,298.805973900016,None,298.805973900016,None,298.805973900016,None,301.074277370027,None,301.074277370027,None,301.074277370027,None,NaN,,,NaN,NaN,NaN,NaN,NaN,NaN,NaN,,NaN,,NaN,,,NaN,NaN,,403,2023-08-15_14h51.45.687,Main,2022.1.1,30.2250496713769
neutral,positive,2,k,k,NaN,NaN,NaN,NaN,NaN,NaN,NaN,NaN,0,0,0,0,2,3,39,13,NaN,,NaN,,,NaN,NaN,,,NaN,NaN,,NaN,,NaN,,NaN,,main,1,1,2,positive,neutral,k,k,1,1.19680730008986,301.075463599991,302.106404900085,302.039669100079,None,301.075463599991,None,301.075463599991,None,301.075463599991,None,303.272075569979,None,303.272075569979,None,303.272075569979,None,NaN,,,NaN,NaN,NaN,NaN,NaN,NaN,NaN,,NaN,,NaN,,,NaN,NaN,,403,2023-08-15_14h51.45.687,Main,2022.1.1,30.2250496713769
positive,neutral,2,l,j,NaN,NaN,NaN,NaN,NaN,NaN,NaN,NaN,0,0,0,0,2,4,40,17,NaN,,NaN,,,NaN,NaN,,,NaN,NaN,,NaN,,NaN,,NaN,,main,1,1,2,neutral,positive,j,j,1,1.62737479992211,303.272854999988,304.304983400041,304.270863500074,None,303.272854999988,None,303.272854999988,None,303.272854999988,None,305.904417370004,None,305.904417370004,None,305.904417370004,None,NaN,,,NaN,NaN,NaN,NaN,NaN,NaN,NaN,,NaN,,NaN,,,NaN,NaN,,403,2023-08-15_14h51.45.687,Main,2022.1.1,30.2250496713769
negative,positive,2,j,l,NaN,NaN,NaN,NaN,NaN,NaN,NaN,NaN,0,0,0,0,2,5,41,15,NaN,,NaN,,,NaN,NaN,,,NaN,NaN,,NaN,,NaN,,NaN,,main,1,1,2,positive,negative,l,l,1,1.26564809994306,305.904983600019,306.93733970006,306.870399100007,None,305.904983600019,None,305.904983600019,None,305.904983600019,None,308.170933370036,None,308.170933370036,None,308.170933370036,None,NaN,,,NaN,NaN,NaN,NaN,NaN,NaN,NaN,,NaN,,NaN,,,NaN,NaN,,403,2023-08-15_14h51.45.687,Main,2022.1.1,30.2250496713769
positive,neutral,1,l,j,NaN,NaN,NaN,NaN,NaN,NaN,NaN,NaN,0,0,0,0,2,6,42,8,NaN,,NaN,,,NaN,NaN,,,NaN,NaN,,NaN,,NaN,,NaN,,main,1,1,1,neutral,positive,j,j,1,1.13000159990042,308.172954700072,309.173221600009,309.173221600009,None,308.172954700072,None,308.172954700072,None,308.172954700072,None,310.305607870012,None,310.305607870012,None,310.305607870012,None,NaN,,,NaN,NaN,NaN,NaN,NaN,NaN,NaN,,NaN,,NaN,,,NaN,NaN,,403,2023-08-15_14h51.45.687,Main,2022.1.1,30.2250496713769
negative,neutral,1,j,l,NaN,NaN,NaN,NaN,NaN,NaN,NaN,NaN,0,0,0,0,2,7,43,3,NaN,,NaN,,,NaN,NaN,,,NaN,NaN,,NaN,,NaN,,NaN,,main,2,2,1,neutral,negative,l,l,1,1.26700389990583,310.306948199985,311.307871400029,311.274679900031,None,310.306948199985,None,310.306948199985,None,310.306948199985,None,312.573325269995,None,312.573325269995,None,312.573325269995,None,NaN,,,NaN,NaN,NaN,NaN,NaN,NaN,NaN,,NaN,,NaN,,,NaN,NaN,,403,2023-08-15_14h51.45.687,Main,2022.1.1,30.2250496713769
negative,positive,1,j,l,NaN,NaN,NaN,NaN,NaN,NaN,NaN,NaN,0,0,0,0,2,8,44,6,NaN,,NaN,,,NaN,NaN,,,NaN,NaN,,NaN,,NaN,,NaN,,main,1,1,1,positive,negative,l,l,1,1.49497060000431,312.575489800074,313.604557499988,313.571770700044,None,312.575489800074,None,312.575489800074,None,312.575489800074,None,315.071184069989,None,315.071184069989,None,315.071184069989,None,NaN,,,NaN,NaN,NaN,NaN,NaN,NaN,NaN,,NaN,,NaN,,,NaN,NaN,,403,2023-08-15_14h51.45.687,Main,2022.1.1,30.2250496713769
neutral,neutral,2,k,k,NaN,NaN,NaN,NaN,NaN,NaN,NaN,NaN,0,0,0,0,2,9,45,10,NaN,,NaN,,,NaN,NaN,,,NaN,NaN,,NaN,,NaN,,NaN,,main,2,2,2,neutral,neutral,k,k,1,1.03254030004609,315.072208800004,316.074896399979,316.074896399979,None,315.072208800004,None,315.072208800004,None,315.072208800004,None,317.107774370024,None,317.107774370024,None,317.107774370024,None,NaN,,,NaN,NaN,NaN,NaN,NaN,NaN,NaN,,NaN,,NaN,,,NaN,NaN,,403,2023-08-15_14h51.45.687,Main,2022.1.1,30.2250496713769
negative,neutral,2,j,l,NaN,NaN,NaN,NaN,NaN,NaN,NaN,NaN,0,0,0,0,2,10,46,12,NaN,,NaN,,,NaN,NaN,,,NaN,NaN,,NaN,,NaN,,NaN,,main,1,1,2,neutral,negative,l,l,1,1.29769919998944,317.106713199988,318.139359600027,318.072424000013,None,317.106713199988,None,317.106713199988,None,317.106713199988,None,319.40545787001,None,319.40545787001,None,319.40545787001,None,NaN,,,NaN,NaN,NaN,NaN,NaN,NaN,NaN,,NaN,,NaN,,,NaN,NaN,,403,2023-08-15_14h51.45.687,Main,2022.1.1,30.2250496713769
negative,negative,2,j,l,NaN,NaN,NaN,NaN,NaN,NaN,NaN,NaN,0,0,0,0,2,11,47,9,NaN,,NaN,,,NaN,NaN,,,NaN,NaN,,NaN,,NaN,,NaN,,main,1,1,2,negative,negative,l,l,1,1.36530669999775,319.407166799996,320.43826710002,320.404589800048,None,319.407166799996,None,319.407166799996,None,319.407166799996,None,321.773329669982,None,321.773329669982,None,321.773329669982,None,NaN,,,NaN,NaN,NaN,NaN,NaN,NaN,NaN,,NaN,,NaN,,,NaN,NaN,,403,2023-08-15_14h51.45.687,Main,2022.1.1,30.2250496713769
neutral,positive,1,k,k,NaN,NaN,NaN,NaN,NaN,NaN,NaN,NaN,0,0,0,0,2,12,48,4,NaN,,NaN,,,NaN,NaN,,,NaN,NaN,,NaN,,NaN,,NaN,,main,2,2,1,positive,neutral,k,k,1,1.03098490007687,321.795002600062,322.806456700084,322.773391800001,None,321.795002600062,None,321.795002600062,None,321.795002600062,None,323.807474870025,None,323.807474870025,None,323.807474870025,None,NaN,,,NaN,NaN,NaN,NaN,NaN,NaN,NaN,,NaN,,NaN,,,NaN,NaN,,403,2023-08-15_14h51.45.687,Main,2022.1.1,30.2250496713769
positive,positive,2,l,j,NaN,NaN,NaN,NaN,NaN,NaN,NaN,NaN,0,0,0,0,2,13,49,11,NaN,,NaN,,,NaN,NaN,,,NaN,NaN,,NaN,,NaN,,NaN,,main,1,1,2,positive,positive,j,j,1,1.31324759998824,323.808110999991,324.828383899992,324.794266800047,None,323.808110999991,None,323.808110999991,None,323.808110999991,None,326.123261970026,None,326.123261970026,None,326.123261970026,None,NaN,,,NaN,NaN,NaN,NaN,NaN,NaN,NaN,,NaN,,NaN,,,NaN,NaN,,403,2023-08-15_14h51.45.687,Main,2022.1.1,30.2250496713769
positive,negative,2,l,j,NaN,NaN,NaN,NaN,NaN,NaN,NaN,NaN,0,0,0,0,2,14,50,14,NaN,,NaN,,,NaN,NaN,,,NaN,NaN,,NaN,,NaN,,NaN,,main,1,1,2,negative,positive,j,j,1,1.3162527999375,326.124762300053,327.140266300063,327.107260600082,None,326.124762300053,None,326.124762300053,None,326.124762300053,None,328.439908070047,None,328.439908070047,None,328.439908070047,None,NaN,,,NaN,NaN,NaN,NaN,NaN,NaN,NaN,,NaN,,NaN,,,NaN,NaN,,403,2023-08-15_14h51.45.687,Main,2022.1.1,30.2250496713769
negative,negative,1,j,l,NaN,NaN,NaN,NaN,NaN,NaN,NaN,NaN,0,0,0,0,2,15,51,0,NaN,,NaN,,,NaN,NaN,,,NaN,NaN,,NaN,,NaN,,NaN,,main,2,2,1,negative,negative,l,l,1,1.39652039995417,328.473876300035,329.506266499986,329.438668900053,None,328.473876300035,None,328.473876300035,None,328.473876300035,None,330.841456369986,None,330.841456369986,None,330.841456369986,None,NaN,,,NaN,NaN,NaN,NaN,NaN,NaN,NaN,,NaN,,NaN,,,NaN,NaN,,403,2023-08-15_14h51.45.687,Main,2022.1.1,30.2250496713769
neutral,negative,2,k,k,NaN,NaN,NaN,NaN,NaN,NaN,NaN,NaN,0,0,0,0,2,16,52,16,NaN,,NaN,,,NaN,NaN,,,NaN,NaN,,NaN,,NaN,,NaN,,main,2,2,2,negative,neutral,k,k,1,1.22826579993125,330.839610600029,331.841049000039,331.808362900047,None,330.839610600029,None,330.839610600029,None,330.839610600029,None,333.071880470053,None,333.071880470053,None,333.071880470053,None,NaN,,,NaN,NaN,NaN,NaN,NaN,NaN,NaN,,NaN,,NaN,,,NaN,NaN,,403,2023-08-15_14h51.45.687,Main,2022.1.1,30.2250496713769
positive,negative,1,l,j,NaN,NaN,NaN,NaN,NaN,NaN,NaN,NaN,0,0,0,0,2,17,53,5,NaN,,NaN,,,NaN,NaN,,,NaN,NaN,,NaN,,NaN,,NaN,,main,1,1,1,negative,positive,j,j,1,1.26713920000475,333.073302900069,334.073999800021,334.040503300028,None,333.073302900069,None,333.073302900069,None,333.073302900069,None,335.341233070032,None,335.341233070032,None,335.341233070032,None,NaN,,,NaN,NaN,NaN,NaN,NaN,NaN,NaN,,NaN,,NaN,,,NaN,NaN,,403,2023-08-15_14h51.45.687,Main,2022.1.1,30.2250496713769
negative,negative,2,j,l,NaN,NaN,NaN,NaN,NaN,NaN,NaN,NaN,0,0,0,0,3,0,54,9,NaN,,NaN,,,NaN,NaN,,,NaN,NaN,,NaN,,NaN,,NaN,,main,2,2,2,negative,negative,l,l,1,2.1629368000431,335.341267700074,336.372869900079,336.339103900013,None,335.341267700074,None,335.341267700074,None,335.341267700074,None,338.505308500025,None,338.505308500025,None,338.505308500025,None,NaN,,,NaN,NaN,NaN,NaN,NaN,NaN,NaN,,NaN,,NaN,,,NaN,NaN,,403,2023-08-15_14h51.45.687,Main,2022.1.1,30.2250496713769
neutral,negative,1,k,k,NaN,NaN,NaN,NaN,NaN,NaN,NaN,NaN,0,0,0,0,3,1,55,7,NaN,,NaN,,,NaN,NaN,,,NaN,NaN,,NaN,,NaN,,NaN,,main,2,2,1,negative,neutral,k,k,1,1.03873080003541,339.50955190009,340.540971099981,340.474104000023,None,339.50955190009,None,339.50955190009,None,339.50955190009,None,341.541061270074,None,341.541061270074,None,341.541061270074,None,NaN,,,NaN,NaN,NaN,NaN,NaN,NaN,NaN,,NaN,,NaN,,,NaN,NaN,,403,2023-08-15_14h51.45.687,Main,2022.1.1,30.2250496713769
negative,neutral,1,j,l,NaN,NaN,NaN,NaN,NaN,NaN,NaN,NaN,0,0,0,0,3,2,56,3,NaN,,NaN,,,NaN,NaN,,,NaN,NaN,,NaN,,NaN,,NaN,,main,2,2,1,neutral,negative,l,l,1,1.13179010001477,341.541620600037,342.543373799999,342.508530199993,None,341.541620600037,None,341.541620600037,None,341.541620600037,None,343.674603370042,None,343.674603370042,None,343.674603370042,None,NaN,,,NaN,NaN,NaN,NaN,NaN,NaN,NaN,,NaN,,NaN,,,NaN,NaN,,403,2023-08-15_14h51.45.687,Main,2022.1.1,30.2250496713769
negative,neutral,2,j,l,NaN,NaN,NaN,NaN,NaN,NaN,NaN,NaN,0,0,0,0,3,3,57,12,NaN,,NaN,,,NaN,NaN,,,NaN,NaN,,NaN,,NaN,,NaN,,main,2,2,2,neutral,negative,l,l,1,1.16520080005284,343.675689300057,344.67521450005,344.67521450005,None,343.675689300057,None,343.675689300057,None,343.675689300057,None,345.841517969989,None,345.841517969989,None,345.841517969989,None,NaN,,,NaN,NaN,NaN,NaN,NaN,NaN,NaN,,NaN,,NaN,,,NaN,NaN,,403,2023-08-15_14h51.45.687,Main,2022.1.1,30.2250496713769
positive,negative,2,l,j,NaN,NaN,NaN,NaN,NaN,NaN,NaN,NaN,0,0,0,0,3,4,58,14,NaN,,NaN,,,NaN,NaN,,,NaN,NaN,,NaN,,NaN,,NaN,,main,1,1,2,negative,positive,j,j,1,1.06201369990595,345.842672800063,346.874328800011,346.840704400092,None,345.842672800063,None,345.842672800063,None,345.842672800063,None,347.907229469996,None,347.907229469996,None,347.907229469996,None,NaN,,,NaN,NaN,NaN,NaN,NaN,NaN,NaN,,NaN,,NaN,,,NaN,NaN,,403,2023-08-15_14h51.45.687,Main,2022.1.1,30.2250496713769
neutral,neutral,1,k,k,NaN,NaN,NaN,NaN,NaN,NaN,NaN,NaN,0,0,0,0,3,5,59,1,NaN,,NaN,,,NaN,NaN,,,NaN,NaN,,NaN,,NaN,,NaN,,main,2,2,1,neutral,neutral,k,k,1,1.29882310004905,347.907642100006,348.906550300075,348.906550300075,None,347.907642100006,None,347.907642100006,None,347.907642100006,None,350.208274270082,None,350.208274270082,None,350.208274270082,None,NaN,,,NaN,NaN,NaN,NaN,NaN,NaN,NaN,,NaN,,NaN,,,NaN,NaN,,403,2023-08-15_14h51.45.687,Main,2022.1.1,30.2250496713769
positive,negative,1,l,j,NaN,NaN,NaN,NaN,NaN,NaN,NaN,NaN,0,0,0,0,3,6,60,5,NaN,,NaN,,,NaN,NaN,,,NaN,NaN,,NaN,,NaN,,NaN,,main,2,2,1,negative,positive,j,j,1,1.22975820000283,350.208935200004,351.208175400039,351.208175400039,None,350.208935200004,None,350.208935200004,None,350.208935200004,None,352.441562070069,None,352.441562070069,None,352.441562070069,None,NaN,,,NaN,NaN,NaN,NaN,NaN,NaN,NaN,,NaN,,NaN,,,NaN,NaN,,403,2023-08-15_14h51.45.687,Main,2022.1.1,30.2250496713769
positive,neutral,2,l,j,NaN,NaN,NaN,NaN,NaN,NaN,NaN,NaN,0,0,0,0,3,7,61,17,NaN,,NaN,,,NaN,NaN,,,NaN,NaN,,NaN,,NaN,,NaN,,main,1,1,2,neutral,positive,j,j,1,1.43024629994761,352.442009199993,353.441577400081,353.408852800028,None,352.442009199993,None,352.442009199993,None,352.442009199993,None,354.873522270029,None,354.873522270029,None,354.873522270029,None,NaN,,,NaN,NaN,NaN,NaN,NaN,NaN,NaN,,NaN,,NaN,,,NaN,NaN,,403,2023-08-15_14h51.45.687,Main,2022.1.1,30.2250496713769
positive,positive,1,l,j,NaN,NaN,NaN,NaN,NaN,NaN,NaN,NaN,0,0,0,0,3,8,62,2,NaN,,NaN,,,NaN,NaN,,,NaN,NaN,,NaN,,NaN,,NaN,,main,1,1,1,positive,positive,j,j,1,0.933829799992964,354.875063000014,355.905957999988,355.839686200023,None,354.875063000014,None,354.875063000014,None,354.875063000014,None,356.809243869991,None,356.809243869991,None,356.809243869991,None,NaN,,,NaN,NaN,NaN,NaN,NaN,NaN,NaN,,NaN,,NaN,,,NaN,NaN,,403,2023-08-15_14h51.45.687,Main,2022.1.1,30.2250496713769
neutral,positive,1,k,k,NaN,NaN,NaN,NaN,NaN,NaN,NaN,NaN,0,0,0,0,3,9,63,4,NaN,,NaN,,,NaN,NaN,,,NaN,NaN,,NaN,,NaN,,NaN,,main,2,2,1,positive,neutral,k,k,1,1.14655200007837,356.809355600039,357.810125300079,357.776815199992,None,356.809355600039,None,356.809355600039,None,356.809355600039,None,358.957708270079,None,358.957708270079,None,358.957708270079,None,NaN,,,NaN,NaN,NaN,NaN,NaN,NaN,NaN,,NaN,,NaN,,,NaN,NaN,,403,2023-08-15_14h51.45.687,Main,2022.1.1,30.2250496713769
negative,negative,1,j,l,NaN,NaN,NaN,NaN,NaN,NaN,NaN,NaN,0,0,0,0,3,10,64,0,NaN,,NaN,,,NaN,NaN,,,NaN,NaN,,NaN,,NaN,,NaN,,main,1,1,1,negative,negative,l,l,1,1.36695830000099,358.960015100078,359.992357300012,359.925426100031,None,358.960015100078,None,358.960015100078,None,358.960015100078,None,361.324558070069,None,361.324558070069,None,361.324558070069,None,NaN,,,NaN,NaN,NaN,NaN,NaN,NaN,NaN,,NaN,,NaN,,,NaN,NaN,,403,2023-08-15_14h51.45.687,Main,2022.1.1,30.2250496713769
positive,neutral,1,l,j,NaN,NaN,NaN,NaN,NaN,NaN,NaN,NaN,0,0,0,0,3,11,65,8,NaN,,NaN,,,NaN,NaN,,,NaN,NaN,,NaN,,NaN,,NaN,,main,2,2,1,neutral,positive,j,j,1,0.926747999968939,361.32504929998,362.357527300017,362.32476280001,None,361.32504929998,None,361.32504929998,None,361.32504929998,None,363.257029770082,None,363.257029770082,None,363.257029770082,None,NaN,,,NaN,NaN,NaN,NaN,NaN,NaN,NaN,,NaN,,NaN,,,NaN,NaN,,403,2023-08-15_14h51.45.687,Main,2022.1.1,30.2250496713769
negative,positive,1,j,l,NaN,NaN,NaN,NaN,NaN,NaN,NaN,NaN,0,0,0,0,3,12,66,6,NaN,,NaN,,,NaN,NaN,,,NaN,NaN,,NaN,,NaN,,NaN,,main,2,2,1,positive,negative,l,l,1,1.13596760004293,363.25828300009,364.290458400035,364.223577100085,None,363.25828300009,None,363.25828300009,None,363.25828300009,None,365.393302170001,None,365.393302170001,None,365.393302170001,None,NaN,,,NaN,NaN,NaN,NaN,NaN,NaN,NaN,,NaN,,NaN,,,NaN,NaN,,403,2023-08-15_14h51.45.687,Main,2022.1.1,30.2250496713769
neutral,neutral,2,k,k,NaN,NaN,NaN,NaN,NaN,NaN,NaN,NaN,0,0,0,0,3,13,67,10,NaN,,NaN,,,NaN,NaN,,,NaN,NaN,,NaN,,NaN,,NaN,,main,2,2,2,neutral,neutral,k,k,1,1.09568419994321,365.418321500067,366.425997600076,366.392369700014,None,365.418321500067,None,365.418321500067,None,365.418321500067,None,367.49241837,None,367.49241837,None,367.49241837,None,NaN,,,NaN,NaN,NaN,NaN,NaN,NaN,NaN,,NaN,,NaN,,,NaN,NaN,,403,2023-08-15_14h51.45.687,Main,2022.1.1,30.2250496713769
negative,positive,2,j,l,NaN,NaN,NaN,NaN,NaN,NaN,NaN,NaN,0,0,0,0,3,14,68,15,NaN,,NaN,,,NaN,NaN,,,NaN,NaN,,NaN,,NaN,,NaN,,main,1,1,2,positive,negative,l,l,1,0.932341900072061,367.493735500029,368.528632600093,368.459273800021,None,367.493735500029,None,367.493735500029,None,367.493735500029,None,369.425385970064,None,369.425385970064,None,369.425385970064,None,NaN,,,NaN,NaN,NaN,NaN,NaN,NaN,NaN,,NaN,,NaN,,,NaN,NaN,,403,2023-08-15_14h51.45.687,Main,2022.1.1,30.2250496713769
positive,positive,2,l,j,NaN,NaN,NaN,NaN,NaN,NaN,NaN,NaN,0,0,0,0,3,15,69,11,NaN,,NaN,,,NaN,NaN,,,NaN,NaN,,NaN,,NaN,,NaN,,main,2,2,2,positive,positive,j,j,1,1.33094969997182,369.426160000032,370.458169399993,370.425256200018,None,369.426160000032,None,369.426160000032,None,369.426160000032,None,371.758538770047,None,371.758538770047,None,371.758538770047,None,NaN,,,NaN,NaN,NaN,NaN,NaN,NaN,NaN,,NaN,,NaN,,,NaN,NaN,,403,2023-08-15_14h51.45.687,Main,2022.1.1,30.2250496713769
neutral,negative,2,k,k,NaN,NaN,NaN,NaN,NaN,NaN,NaN,NaN,0,0,0,0,3,16,70,16,NaN,,NaN,,,NaN,NaN,,,NaN,NaN,,NaN,,NaN,,NaN,,main,2,2,2,negative,neutral,k,k,1,1.91666450002231,371.758765900042,372.759734900086,372.726323400042,None,371.758765900042,None,371.758765900042,None,371.758765900042,None,374.676280370005,None,374.676280370005,None,374.676280370005,None,NaN,,,NaN,NaN,NaN,NaN,NaN,NaN,NaN,,NaN,,NaN,,,NaN,NaN,,403,2023-08-15_14h51.45.687,Main,2022.1.1,30.2250496713769
neutral,positive,2,k,k,NaN,NaN,NaN,NaN,NaN,NaN,NaN,NaN,0,0,0,0,3,17,71,13,NaN,,NaN,,,NaN,NaN,,,NaN,NaN,,NaN,,NaN,,NaN,,main,2,2,2,positive,neutral,k,k,1,0.928670599940233,374.677539000055,375.70811430004,375.675062300055,None,374.677539000055,None,374.677539000055,None,374.677539000055,None,376.60810017006,None,376.60810017006,None,376.60810017006,None,NaN,,,NaN,NaN,NaN,NaN,NaN,NaN,NaN,,NaN,,NaN,,,NaN,NaN,,403,2023-08-15_14h51.45.687,Main,2022.1.1,30.2250496713769
negative,neutral,1,j,l,NaN,NaN,NaN,NaN,NaN,NaN,NaN,NaN,0,0,0,0,4,0,72,3,NaN,,NaN,,,NaN,NaN,,,NaN,NaN,,NaN,,NaN,,NaN,,main,2,2,1,neutral,negative,l,l,1,1.0004700999707,376.609442500048,377.610129300039,377.576165100094,None,376.609442500048,None,376.609442500048,None,376.609442500048,None,378.609242670028,None,378.609242670028,None,378.609242670028,None,NaN,,,NaN,NaN,NaN,NaN,NaN,NaN,NaN,,NaN,,NaN,,,NaN,NaN,,403,2023-08-15_14h51.45.687,Main,2022.1.1,30.2250496713769
positive,positive,1,l,j,NaN,NaN,NaN,NaN,NaN,NaN,NaN,NaN,0,0,0,0,4,1,73,2,NaN,,NaN,,,NaN,NaN,,,NaN,NaN,,NaN,,NaN,,NaN,,main,1,1,1,positive,positive,j,j,1,1.63135929999407,378.609257000033,379.609084900003,379.576024900074,None,378.609257000033,None,378.609257000033,None,378.609257000033,None,381.242191970022,None,381.242191970022,None,381.242191970022,None,NaN,,,NaN,NaN,NaN,NaN,NaN,NaN,NaN,,NaN,,NaN,,,NaN,NaN,,403,2023-08-15_14h51.45.687,Main,2022.1.1,30.2250496713769
neutral,negative,1,k,k,NaN,NaN,NaN,NaN,NaN,NaN,NaN,NaN,0,0,0,0,4,2,74,7,NaN,,NaN,,,NaN,NaN,,,NaN,NaN,,NaN,,NaN,,NaN,,main,2,2,1,negative,neutral,k,k,1,0.978135899989866,381.264527900028,382.2928999,382.226173400064,None,381.264527900028,None,381.264527900028,None,381.264527900028,None,383.225146770035,None,383.225146770035,None,383.225146770035,None,NaN,,,NaN,NaN,NaN,NaN,NaN,NaN,NaN,,NaN,,NaN,,,NaN,NaN,,403,2023-08-15_14h51.45.687,Main,2022.1.1,30.2250496713769
positive,negative,2,l,j,NaN,NaN,NaN,NaN,NaN,NaN,NaN,NaN,0,0,0,0,4,3,75,14,NaN,,NaN,,,NaN,NaN,,,NaN,NaN,,NaN,,NaN,,NaN,,main,2,2,2,negative,positive,j,j,1,1.06703140004538,383.226887800032,384.25809300004,384.192297699978,None,383.226887800032,None,383.226887800032,None,383.226887800032,None,385.292921170034,None,385.292921170034,None,385.292921170034,None,NaN,,,NaN,NaN,NaN,NaN,NaN,NaN,NaN,,NaN,,NaN,,,NaN,NaN,,403,2023-08-15_14h51.45.687,Main,2022.1.1,30.2250496713769
negative,negative,2,j,l,NaN,NaN,NaN,NaN,NaN,NaN,NaN,NaN,0,0,0,0,4,4,76,9,NaN,,NaN,,,NaN,NaN,,,NaN,NaN,,NaN,,NaN,,NaN,,main,2,2,2,negative,negative,l,l,1,2.19830789999105,385.293894900009,386.293695200002,386.260348799988,None,385.293894900009,None,385.293894900009,None,385.293894900009,None,388.494065599982,None,388.494065599982,None,388.494065599982,None,NaN,,,NaN,NaN,NaN,NaN,NaN,NaN,NaN,,NaN,,NaN,,,NaN,NaN,,403,2023-08-15_14h51.45.687,Main,2022.1.1,30.2250496713769
negative,positive,2,j,l,NaN,NaN,NaN,NaN,NaN,NaN,NaN,NaN,0,0,0,0,4,5,77,15,NaN,,NaN,,,NaN,NaN,,,NaN,NaN,,NaN,,NaN,,NaN,,main,1,1,2,positive,negative,l,l,1,-0.194137600017712,389.526102000033,NaN,NaN,None,389.526102000033,None,389.526102000033,None,389.526102000033,None,390.325741000008,None,390.325741000008,None,390.325741000008,None,NaN,,,NaN,NaN,NaN,NaN,NaN,NaN,NaN,,NaN,,NaN,,,NaN,NaN,,403,2023-08-15_14h51.45.687,Main,2022.1.1,30.2250496713769
positive,positive,2,l,j,NaN,NaN,NaN,NaN,NaN,NaN,NaN,NaN,0,0,0,0,4,6,78,11,NaN,,NaN,,,NaN,NaN,,,NaN,NaN,,NaN,,NaN,,NaN,,main,2,2,2,positive,positive,j,j,1,1.33744159992784,393.343941600062,394.376648999983,394.309866800089,None,393.343941600062,None,393.343941600062,None,393.343941600062,None,395.676017569983,None,395.676017569983,None,395.676017569983,None,NaN,,,NaN,NaN,NaN,NaN,NaN,NaN,NaN,,NaN,,NaN,,,NaN,NaN,,403,2023-08-15_14h51.45.687,Main,2022.1.1,30.2250496713769
positive,neutral,1,l,j,NaN,NaN,NaN,NaN,NaN,NaN,NaN,NaN,0,0,0,0,4,7,79,8,NaN,,NaN,,,NaN,NaN,,,NaN,NaN,,NaN,,NaN,,NaN,,main,2,2,1,neutral,positive,j,j,1,1.13354409998283,395.675854500034,396.675506000058,396.644348500064,None,395.675854500034,None,395.675854500034,None,395.675854500034,None,397.810664369981,None,397.810664369981,None,397.810664369981,None,NaN,,,NaN,NaN,NaN,NaN,NaN,NaN,NaN,,NaN,,NaN,,,NaN,NaN,,403,2023-08-15_14h51.45.687,Main,2022.1.1,30.2250496713769
neutral,neutral,1,k,k,NaN,NaN,NaN,NaN,NaN,NaN,NaN,NaN,0,0,0,0,4,8,80,1,NaN,,NaN,,,NaN,NaN,,,NaN,NaN,,NaN,,NaN,,NaN,,main,2,2,1,neutral,neutral,k,k,1,1.06230320001487,397.811370100011,398.843452300061,398.776431199978,None,397.811370100011,None,397.811370100011,None,397.811370100011,None,399.876149570011,None,399.876149570011,None,399.876149570011,None,NaN,,,NaN,NaN,NaN,NaN,NaN,NaN,NaN,,NaN,,NaN,,,NaN,NaN,,403,2023-08-15_14h51.45.687,Main,2022.1.1,30.2250496713769
negative,positive,1,j,l,NaN,NaN,NaN,NaN,NaN,NaN,NaN,NaN,0,0,0,0,4,9,81,6,NaN,,NaN,,,NaN,NaN,,,NaN,NaN,,NaN,,NaN,,NaN,,main,2,2,1,positive,negative,l,l,1,1.2337644000072,399.87592130003,400.87696959998,400.843367699999,None,399.87592130003,None,399.87592130003,None,399.87592130003,None,402.110453170049,None,402.110453170049,None,402.110453170049,None,NaN,,,NaN,NaN,NaN,NaN,NaN,NaN,NaN,,NaN,,NaN,,,NaN,NaN,,403,2023-08-15_14h51.45.687,Main,2022.1.1,30.2250496713769
positive,neutral,2,l,j,NaN,NaN,NaN,NaN,NaN,NaN,NaN,NaN,0,0,0,0,4,10,82,17,NaN,,NaN,,,NaN,NaN,,,NaN,NaN,,NaN,,NaN,,NaN,,main,1,1,2,neutral,positive,j,j,1,1.48024189996067,402.134038600023,403.160936100059,403.094410200021,None,402.134038600023,None,402.134038600023,None,402.134038600023,None,404.592746170028,None,404.592746170028,None,404.592746170028,None,NaN,,,NaN,NaN,NaN,NaN,NaN,NaN,NaN,,NaN,,NaN,,,NaN,NaN,,403,2023-08-15_14h51.45.687,Main,2022.1.1,30.2250496713769
negative,neutral,2,j,l,NaN,NaN,NaN,NaN,NaN,NaN,NaN,NaN,0,0,0,0,4,11,83,12,NaN,,NaN,,,NaN,NaN,,,NaN,NaN,,NaN,,NaN,,NaN,,main,1,1,2,neutral,negative,l,l,1,1.13465729996096,404.593083700049,405.594427500037,405.563810800086,None,404.593083700049,None,404.593083700049,None,404.593083700049,None,406.728901269985,None,406.728901269985,None,406.728901269985,None,NaN,,,NaN,NaN,NaN,NaN,NaN,NaN,NaN,,NaN,,NaN,,,NaN,NaN,,403,2023-08-15_14h51.45.687,Main,2022.1.1,30.2250496713769
neutral,positive,1,k,k,NaN,NaN,NaN,NaN,NaN,NaN,NaN,NaN,0,0,0,0,4,12,84,4,NaN,,NaN,,,NaN,NaN,,,NaN,NaN,,NaN,,NaN,,NaN,,main,2,2,1,positive,neutral,k,k,1,1.1287813000381,406.731303500012,407.759497900028,407.726083500078,None,406.731303500012,None,406.731303500012,None,406.731303500012,None,408.85991026999,None,408.85991026999,None,408.85991026999,None,NaN,,,NaN,NaN,NaN,NaN,NaN,NaN,NaN,,NaN,,NaN,,,NaN,NaN,,403,2023-08-15_14h51.45.687,Main,2022.1.1,30.2250496713769
neutral,negative,2,k,k,NaN,NaN,NaN,NaN,NaN,NaN,NaN,NaN,0,0,0,0,4,13,85,16,NaN,,NaN,,,NaN,NaN,,,NaN,NaN,,NaN,,NaN,,NaN,,main,2,2,2,negative,neutral,k,k,1,1.10122830001637,408.860490099993,409.861922600074,409.828205600032,None,408.860490099993,None,408.860490099993,None,408.860490099993,None,410.962346070004,None,410.962346070004,None,410.962346070004,None,NaN,,,NaN,NaN,NaN,NaN,NaN,NaN,NaN,,NaN,,NaN,,,NaN,NaN,,403,2023-08-15_14h51.45.687,Main,2022.1.1,30.2250496713769
neutral,positive,2,k,k,NaN,NaN,NaN,NaN,NaN,NaN,NaN,NaN,0,0,0,0,4,14,86,13,NaN,,NaN,,,NaN,NaN,,,NaN,NaN,,NaN,,NaN,,NaN,,main,2,2,2,positive,neutral,k,k,1,0.977721999981441,410.986692100065,412.010448400048,411.944285299978,None,410.986692100065,None,410.986692100065,None,410.986692100065,None,412.943124869978,None,412.943124869978,None,412.943124869978,None,NaN,,,NaN,NaN,NaN,NaN,NaN,NaN,NaN,,NaN,,NaN,,,NaN,NaN,,403,2023-08-15_14h51.45.687,Main,2022.1.1,30.2250496713769
neutral,neutral,2,k,k,NaN,NaN,NaN,NaN,NaN,NaN,NaN,NaN,0,0,0,0,4,15,87,10,NaN,,NaN,,,NaN,NaN,,,NaN,NaN,,NaN,,NaN,,NaN,,main,2,2,2,neutral,neutral,k,k,1,0.768830699962564,412.944190700073,413.943310800008,413.910250200075,None,412.944190700073,None,412.944190700073,None,412.944190700073,None,414.712742669997,None,414.712742669997,None,414.712742669997,None,NaN,,,NaN,NaN,NaN,NaN,NaN,NaN,NaN,,NaN,,NaN,,,NaN,NaN,,403,2023-08-15_14h51.45.687,Main,2022.1.1,30.2250496713769
positive,negative,1,l,j,NaN,NaN,NaN,NaN,NaN,NaN,NaN,NaN,0,0,0,0,4,16,88,5,NaN,,NaN,,,NaN,NaN,,,NaN,NaN,,NaN,,NaN,,NaN,,main,1,1,1,negative,positive,j,j,1,0.893807499902323,414.713164300076,415.743349900004,415.678931400063,None,414.713164300076,None,414.713164300076,None,414.713164300076,None,416.609959470015,None,416.609959470015,None,416.609959470015,None,NaN,,,NaN,NaN,NaN,NaN,NaN,NaN,NaN,,NaN,,NaN,,,NaN,NaN,,403,2023-08-15_14h51.45.687,Main,2022.1.1,30.2250496713769
negative,negative,1,j,l,NaN,NaN,NaN,NaN,NaN,NaN,NaN,NaN,0,0,0,0,4,17,89,0,NaN,,NaN,,,NaN,NaN,,,NaN,NaN,,NaN,,NaN,,NaN,,main,2,2,1,negative,negative,l,l,1,1.26589039992541,416.610786900041,417.643432900077,417.576225100085,None,416.610786900041,None,416.610786900041,None,416.610786900041,None,418.876740670088,None,418.876740670088,None,418.876740670088,None,NaN,,,NaN,NaN,NaN,NaN,NaN,NaN,NaN,,NaN,,NaN,,,NaN,NaN,,403,2023-08-15_14h51.45.687,Main,2022.1.1,30.2250496713769
,,NaN,,,NaN,NaN,NaN,NaN,NaN,NaN,NaN,NaN,0,0,0,0,NaN,NaN,NaN,NaN,NaN,,NaN,,,NaN,NaN,,,NaN,NaN,,NaN,,NaN,,NaN,,,NaN,NaN,NaN,,,,,NaN,NaN,NaN,NaN,NaN,,NaN,,NaN,,NaN,,NaN,,NaN,,NaN,,NaN,,,NaN,NaN,NaN,NaN,NaN,NaN,NaN,,NaN,,418.877089500078,None,space,12.7815591000253,418.877089500078,None,403,2023-08-15_14h51.45.687,Main,2022.1.1,30.2250496713769
negative,positive,2,j,l,NaN,NaN,NaN,NaN,NaN,NaN,NaN,NaN,1,0,1,0,0,0,0,15,NaN,,NaN,,,NaN,NaN,,,NaN,NaN,,NaN,,NaN,,NaN,,main,1,1,2,positive,negative,l,l,1,1.58117220003624,431.728816200048,432.745256200084,432.679485799978,None,431.728816200048,None,431.728816200048,None,431.728816200048,None,434.279040170042,None,434.279040170042,None,434.279040170042,None,NaN,,,NaN,NaN,NaN,NaN,NaN,NaN,NaN,,NaN,,NaN,,,NaN,NaN,,403,2023-08-15_14h51.45.687,Main,2022.1.1,30.2250496713769
neutral,positive,1,k,k,NaN,NaN,NaN,NaN,NaN,NaN,NaN,NaN,1,0,1,0,0,1,1,4,NaN,,NaN,,,NaN,NaN,,,NaN,NaN,,NaN,,NaN,,NaN,,main,2,2,1,positive,neutral,k,k,1,0.996402900083922,434.301343900035,435.311557500041,435.245307800011,None,434.301343900035,None,434.301343900035,None,434.301343900035,None,436.277801970043,None,436.277801970043,None,436.277801970043,None,NaN,,,NaN,NaN,NaN,NaN,NaN,NaN,NaN,,NaN,,NaN,,,NaN,NaN,,403,2023-08-15_14h51.45.687,Main,2022.1.1,30.2250496713769
positive,positive,1,l,j,NaN,NaN,NaN,NaN,NaN,NaN,NaN,NaN,1,0,1,0,0,2,2,2,NaN,,NaN,,,NaN,NaN,,,NaN,NaN,,NaN,,NaN,,NaN,,main,1,1,1,positive,positive,j,j,1,0.997386900009587,436.27918120008,437.311963399989,437.245084300055,None,436.27918120008,None,436.27918120008,None,436.27918120008,None,438.277301670075,None,438.277301670075,None,438.277301670075,None,NaN,,,NaN,NaN,NaN,NaN,NaN,NaN,NaN,,NaN,,NaN,,,NaN,NaN,,403,2023-08-15_14h51.45.687,Main,2022.1.1,30.2250496713769
positive,negative,2,l,j,NaN,NaN,NaN,NaN,NaN,NaN,NaN,NaN,1,0,1,0,0,3,3,14,NaN,,NaN,,,NaN,NaN,,,NaN,NaN,,NaN,,NaN,,NaN,,main,2,2,2,negative,positive,j,j,1,1.66856290004216,438.277963100001,439.278230000054,439.245003100019,None,438.277963100001,None,438.277963100001,None,438.277963100001,None,440.945183470054,None,440.945183470054,None,440.945183470054,None,NaN,,,NaN,NaN,NaN,NaN,NaN,NaN,NaN,,NaN,,NaN,,,NaN,NaN,,403,2023-08-15_14h51.45.687,Main,2022.1.1,30.2250496713769
positive,neutral,1,l,j,NaN,NaN,NaN,NaN,NaN,NaN,NaN,NaN,1,0,1,0,0,4,4,8,NaN,,NaN,,,NaN,NaN,,,NaN,NaN,,NaN,,NaN,,NaN,,main,2,2,1,neutral,positive,j,j,1,1.02830430003814,440.965031600092,441.978217200027,441.944418700063,None,440.965031600092,None,440.965031600092,None,440.965031600092,None,442.979388070083,None,442.979388070083,None,442.979388070083,None,NaN,,,NaN,NaN,NaN,NaN,NaN,NaN,NaN,,NaN,,NaN,,,NaN,NaN,,403,2023-08-15_14h51.45.687,Main,2022.1.1,30.2250496713769
negative,negative,2,j,l,NaN,NaN,NaN,NaN,NaN,NaN,NaN,NaN,1,0,1,0,0,5,5,9,NaN,,NaN,,,NaN,NaN,,,NaN,NaN,,NaN,,NaN,,NaN,,main,1,1,2,negative,negative,l,l,1,1.10077649995219,442.979505200055,443.981799300062,443.947782700066,None,442.979505200055,None,442.979505200055,None,442.979505200055,None,445.079158270056,None,445.079158270056,None,445.079158270056,None,NaN,,,NaN,NaN,NaN,NaN,NaN,NaN,NaN,,NaN,,NaN,,,NaN,NaN,,403,2023-08-15_14h51.45.687,Main,2022.1.1,30.2250496713769
negative,neutral,2,j,l,NaN,NaN,NaN,NaN,NaN,NaN,NaN,NaN,1,0,1,0,0,6,6,12,NaN,,NaN,,,NaN,NaN,,,NaN,NaN,,NaN,,NaN,,NaN,,main,1,1,2,neutral,negative,l,l,1,1.01414360001218,445.102545500034,446.12936520006,446.063745200052,None,445.102545500034,None,445.102545500034,None,445.102545500034,None,447.09642097007,None,447.09642097007,None,447.09642097007,None,NaN,,,NaN,NaN,NaN,NaN,NaN,NaN,NaN,,NaN,,NaN,,,NaN,NaN,,403,2023-08-15_14h51.45.687,Main,2022.1.1,30.2250496713769
neutral,negative,1,k,k,NaN,NaN,NaN,NaN,NaN,NaN,NaN,NaN,1,0,1,0,0,7,7,7,NaN,,NaN,,,NaN,NaN,,,NaN,NaN,,NaN,,NaN,,NaN,,main,1,1,1,negative,neutral,k,k,1,1.06416790001094,447.097638100036,448.128363299998,448.06300100009,None,447.097638100036,None,447.097638100036,None,447.097638100036,None,449.162027270091,None,449.162027270091,None,449.162027270091,None,NaN,,,NaN,NaN,NaN,NaN,NaN,NaN,NaN,,NaN,,NaN,,,NaN,NaN,,403,2023-08-15_14h51.45.687,Main,2022.1.1,30.2250496713769
neutral,neutral,1,k,k,NaN,NaN,NaN,NaN,NaN,NaN,NaN,NaN,1,0,1,0,0,8,8,1,NaN,,NaN,,,NaN,NaN,,,NaN,NaN,,NaN,,NaN,,NaN,,main,2,2,1,neutral,neutral,k,k,1,0.930568700074218,449.162642900017,450.162208000082,450.129346100031,None,449.162642900017,None,449.162642900017,None,449.162642900017,None,451.094835569989,None,451.094835569989,None,451.094835569989,None,NaN,,,NaN,NaN,NaN,NaN,NaN,NaN,NaN,,NaN,,NaN,,,NaN,NaN,,403,2023-08-15_14h51.45.687,Main,2022.1.1,30.2250496713769
negative,negative,1,j,l,NaN,NaN,NaN,NaN,NaN,NaN,NaN,NaN,1,0,1,0,0,9,9,0,NaN,,NaN,,,NaN,NaN,,,NaN,NaN,,NaN,,NaN,,NaN,,main,2,2,1,negative,negative,l,l,1,1.0996931999689,451.09599609999,452.095552999992,452.095552999992,None,451.09599609999,None,451.09599609999,None,451.09599609999,None,453.196286570071,None,453.196286570071,None,453.196286570071,None,NaN,,,NaN,NaN,NaN,NaN,NaN,NaN,NaN,,NaN,,NaN,,,NaN,NaN,,403,2023-08-15_14h51.45.687,Main,2022.1.1,30.2250496713769
neutral,neutral,2,k,k,NaN,NaN,NaN,NaN,NaN,NaN,NaN,NaN,1,0,1,0,0,10,10,10,NaN,,NaN,,,NaN,NaN,,,NaN,NaN,,NaN,,NaN,,NaN,,main,2,2,2,neutral,neutral,k,k,1,1.56412979995366,453.197472400032,454.196796000004,454.163628000068,None,453.197472400032,None,453.197472400032,None,453.197472400032,None,455.762014770089,None,455.762014770089,None,455.762014770089,None,NaN,,,NaN,NaN,NaN,NaN,NaN,NaN,NaN,,NaN,,NaN,,,NaN,NaN,,403,2023-08-15_14h51.45.687,Main,2022.1.1,30.2250496713769
negative,neutral,1,j,l,NaN,NaN,NaN,NaN,NaN,NaN,NaN,NaN,1,0,1,0,0,11,11,3,NaN,,NaN,,,NaN,NaN,,,NaN,NaN,,NaN,,NaN,,NaN,,main,2,2,1,neutral,negative,l,l,1,1.1347042999696,455.76260970009,456.76311420009,456.728954400052,None,455.76260970009,None,455.76260970009,None,455.76260970009,None,457.896743770014,None,457.896743770014,None,457.896743770014,None,NaN,,,NaN,NaN,NaN,NaN,NaN,NaN,NaN,,NaN,,NaN,,,NaN,NaN,,403,2023-08-15_14h51.45.687,Main,2022.1.1,30.2250496713769
positive,positive,2,l,j,NaN,NaN,NaN,NaN,NaN,NaN,NaN,NaN,1,0,1,0,0,12,12,11,NaN,,NaN,,,NaN,NaN,,,NaN,NaN,,NaN,,NaN,,NaN,,main,1,1,2,positive,positive,j,j,1,1.14621010003611,457.919379999978,458.946781200008,458.879860899993,None,457.919379999978,None,457.919379999978,None,457.919379999978,None,460.047870470001,None,460.047870470001,None,460.047870470001,None,NaN,,,NaN,NaN,NaN,NaN,NaN,NaN,NaN,,NaN,,NaN,,,NaN,NaN,,403,2023-08-15_14h51.45.687,Main,2022.1.1,30.2250496713769
positive,negative,1,l,j,NaN,NaN,NaN,NaN,NaN,NaN,NaN,NaN,1,0,1,0,0,13,13,5,NaN,,NaN,,,NaN,NaN,,,NaN,NaN,,NaN,,NaN,,NaN,,main,1,1,1,negative,positive,j,j,1,1.09680629998911,460.047550800024,461.046287200064,461.013633300085,None,460.047550800024,None,460.047550800024,None,460.047550800024,None,462.145751370024,None,462.145751370024,None,462.145751370024,None,NaN,,,NaN,NaN,NaN,NaN,NaN,NaN,NaN,,NaN,,NaN,,,NaN,NaN,,403,2023-08-15_14h51.45.687,Main,2022.1.1,30.2250496713769
positive,neutral,2,l,j,NaN,NaN,NaN,NaN,NaN,NaN,NaN,NaN,1,0,1,0,0,14,14,17,NaN,,NaN,,,NaN,NaN,,,NaN,NaN,,NaN,,NaN,,NaN,,main,2,2,2,neutral,positive,j,j,1,0.933141200104728,462.146918800077,463.179128300049,463.14511719998,None,462.146918800077,None,462.146918800077,None,462.146918800077,None,464.082132470002,None,464.082132470002,None,464.082132470002,None,NaN,,,NaN,NaN,NaN,NaN,NaN,NaN,NaN,,NaN,,NaN,,,NaN,NaN,,403,2023-08-15_14h51.45.687,Main,2022.1.1,30.2250496713769
neutral,positive,2,k,k,NaN,NaN,NaN,NaN,NaN,NaN,NaN,NaN,1,0,1,0,0,15,15,13,NaN,,NaN,,,NaN,NaN,,,NaN,NaN,,NaN,,NaN,,NaN,,main,1,1,2,positive,neutral,k,k,1,1.14954540005419,464.082748400047,465.082775000017,465.049200400012,None,464.082748400047,None,464.082748400047,None,464.082748400047,None,466.229617770086,None,466.229617770086,None,466.229617770086,None,NaN,,,NaN,NaN,NaN,NaN,NaN,NaN,NaN,,NaN,,NaN,,,NaN,NaN,,403,2023-08-15_14h51.45.687,Main,2022.1.1,30.2250496713769
negative,positive,1,j,l,NaN,NaN,NaN,NaN,NaN,NaN,NaN,NaN,1,0,1,0,0,16,16,6,NaN,,NaN,,,NaN,NaN,,,NaN,NaN,,NaN,,NaN,,NaN,,main,2,2,1,positive,negative,l,l,1,1.32883070001844,466.252996399999,467.264533200068,467.231927199988,None,466.252996399999,None,466.252996399999,None,466.252996399999,None,468.563738469989,None,468.563738469989,None,468.563738469989,None,NaN,,,NaN,NaN,NaN,NaN,NaN,NaN,NaN,,NaN,,NaN,,,NaN,NaN,,403,2023-08-15_14h51.45.687,Main,2022.1.1,30.2250496713769
neutral,negative,2,k,k,NaN,NaN,NaN,NaN,NaN,NaN,NaN,NaN,1,0,1,0,0,17,17,16,NaN,,NaN,,,NaN,NaN,,,NaN,NaN,,NaN,,NaN,,NaN,,main,1,1,2,negative,neutral,k,k,1,1.43243199994322,468.564513700083,469.588332700077,469.554855099996,None,468.564513700083,None,468.564513700083,None,468.564513700083,None,470.997153970087,None,470.997153970087,None,470.997153970087,None,NaN,,,NaN,NaN,NaN,NaN,NaN,NaN,NaN,,NaN,,NaN,,,NaN,NaN,,403,2023-08-15_14h51.45.687,Main,2022.1.1,30.2250496713769
negative,neutral,2,j,l,NaN,NaN,NaN,NaN,NaN,NaN,NaN,NaN,1,0,1,0,1,0,18,12,NaN,,NaN,,,NaN,NaN,,,NaN,NaN,,NaN,,NaN,,NaN,,main,2,2,2,neutral,negative,l,l,1,1.32953780004755,471.002793700085,472.031478799996,471.96465530002,None,471.002793700085,None,471.002793700085,None,471.002793700085,None,473.329544270085,None,473.329544270085,None,473.329544270085,None,NaN,,,NaN,NaN,NaN,NaN,NaN,NaN,NaN,,NaN,,NaN,,,NaN,NaN,,403,2023-08-15_14h51.45.687,Main,2022.1.1,30.2250496713769
neutral,positive,1,k,k,NaN,NaN,NaN,NaN,NaN,NaN,NaN,NaN,1,0,1,0,1,1,19,4,NaN,,NaN,,,NaN,NaN,,,NaN,NaN,,NaN,,NaN,,NaN,,main,1,1,1,positive,neutral,k,k,1,0.998677799943835,473.330654900055,474.363897300093,474.296543400036,None,473.330654900055,None,473.330654900055,None,473.330654900055,None,475.329801770067,None,475.329801770067,None,475.329801770067,None,NaN,,,NaN,NaN,NaN,NaN,NaN,NaN,NaN,,NaN,,NaN,,,NaN,NaN,,403,2023-08-15_14h51.45.687,Main,2022.1.1,30.2250496713769
neutral,neutral,1,k,k,NaN,NaN,NaN,NaN,NaN,NaN,NaN,NaN,1,0,1,0,1,2,20,1,NaN,,NaN,,,NaN,NaN,,,NaN,NaN,,NaN,,NaN,,NaN,,main,1,1,1,neutral,neutral,k,k,1,1.03093949996401,475.329735900043,476.330303700059,476.296613499988,None,475.329735900043,None,475.329735900043,None,475.329735900043,None,477.363424270088,None,477.363424270088,None,477.363424270088,None,NaN,,,NaN,NaN,NaN,NaN,NaN,NaN,NaN,,NaN,,NaN,,,NaN,NaN,,403,2023-08-15_14h51.45.687,Main,2022.1.1,30.2250496713769
neutral,negative,2,k,k,NaN,NaN,NaN,NaN,NaN,NaN,NaN,NaN,1,0,1,0,1,3,21,16,NaN,,NaN,,,NaN,NaN,,,NaN,NaN,,NaN,,NaN,,NaN,,main,2,2,2,negative,neutral,k,k,1,0.83323890005704,477.364458200056,478.397003900027,478.330252300017,None,477.364458200056,None,477.364458200056,None,477.364458200056,None,479.197704070038,None,479.197704070038,None,479.197704070038,None,NaN,,,NaN,NaN,NaN,NaN,NaN,NaN,NaN,,NaN,,NaN,,,NaN,NaN,,403,2023-08-15_14h51.45.687,Main,2022.1.1,30.2250496713769
neutral,positive,2,k,k,NaN,NaN,NaN,NaN,NaN,NaN,NaN,NaN,1,0,1,0,1,4,22,13,NaN,,NaN,,,NaN,NaN,,,NaN,NaN,,NaN,,NaN,,NaN,,main,2,2,2,positive,neutral,k,k,1,0.765271799988113,479.198427200085,480.198169899988,480.165082800086,None,479.198427200085,None,479.198427200085,None,479.198427200085,None,480.964128670073,None,480.964128670073,None,480.964128670073,None,NaN,,,NaN,NaN,NaN,NaN,NaN,NaN,NaN,,NaN,,NaN,,,NaN,NaN,,403,2023-08-15_14h51.45.687,Main,2022.1.1,30.2250496713769
negative,positive,1,j,l,NaN,NaN,NaN,NaN,NaN,NaN,NaN,NaN,1,0,1,0,1,5,23,6,NaN,,NaN,,,NaN,NaN,,,NaN,NaN,,NaN,,NaN,,NaN,,main,2,2,1,positive,negative,l,l,1,1.09643319994211,480.964776600013,481.997485900065,481.963037100038,None,480.964776600013,None,480.964776600013,None,480.964776600013,None,483.063031770079,None,483.063031770079,None,483.063031770079,None,NaN,,,NaN,NaN,NaN,NaN,NaN,NaN,NaN,,NaN,,NaN,,,NaN,NaN,,403,2023-08-15_14h51.45.687,Main,2022.1.1,30.2250496713769
positive,positive,1,l,j,NaN,NaN,NaN,NaN,NaN,NaN,NaN,NaN,1,0,1,0,1,6,24,2,NaN,,NaN,,,NaN,NaN,,,NaN,NaN,,NaN,,NaN,,NaN,,main,1,1,1,positive,positive,j,j,1,1.36569679994136,483.064112800057,484.096385100042,484.02993259998,None,483.064112800057,None,483.064112800057,None,483.064112800057,None,485.431140869996,None,485.431140869996,None,485.431140869996,None,NaN,,,NaN,NaN,NaN,NaN,NaN,NaN,NaN,,NaN,,NaN,,,NaN,NaN,,403,2023-08-15_14h51.45.687,Main,2022.1.1,30.2250496713769
negative,positive,2,j,l,NaN,NaN,NaN,NaN,NaN,NaN,NaN,NaN,1,0,1,0,1,7,25,15,NaN,,NaN,,,NaN,NaN,,,NaN,NaN,,NaN,,NaN,,NaN,,main,2,2,2,positive,negative,l,l,1,1.42913200007752,485.432629300049,486.463849500054,486.429945299984,None,485.432629300049,None,485.432629300049,None,485.432629300049,None,487.863205770054,None,487.863205770054,None,487.863205770054,None,NaN,,,NaN,NaN,NaN,NaN,NaN,NaN,NaN,,NaN,,NaN,,,NaN,NaN,,403,2023-08-15_14h51.45.687,Main,2022.1.1,30.2250496713769
neutral,neutral,2,k,k,NaN,NaN,NaN,NaN,NaN,NaN,NaN,NaN,1,0,1,0,1,8,26,10,NaN,,NaN,,,NaN,NaN,,,NaN,NaN,,NaN,,NaN,,NaN,,main,1,1,2,neutral,neutral,k,k,1,1.23581909993663,487.863622999983,488.864592600032,488.829801300075,None,487.863622999983,None,487.863622999983,None,487.863622999983,None,490.099995170045,None,490.099995170045,None,490.099995170045,None,NaN,,,NaN,NaN,NaN,NaN,NaN,NaN,NaN,,NaN,,NaN,,,NaN,NaN,,403,2023-08-15_14h51.45.687,Main,2022.1.1,30.2250496713769
positive,positive,2,l,j,NaN,NaN,NaN,NaN,NaN,NaN,NaN,NaN,1,0,1,0,1,9,27,11,NaN,,NaN,,,NaN,NaN,,,NaN,NaN,,NaN,,NaN,,NaN,,main,2,2,2,positive,positive,j,j,1,1.06545200000983,490.100499900058,491.101465200074,491.101465200074,None,490.100499900058,None,490.100499900058,None,490.100499900058,None,492.166595070064,None,492.166595070064,None,492.166595070064,None,NaN,,,NaN,NaN,NaN,NaN,NaN,NaN,NaN,,NaN,,NaN,,,NaN,NaN,,403,2023-08-15_14h51.45.687,Main,2022.1.1,30.2250496713769
positive,neutral,2,l,j,NaN,NaN,NaN,NaN,NaN,NaN,NaN,NaN,1,0,1,0,1,10,28,17,NaN,,NaN,,,NaN,NaN,,,NaN,NaN,,NaN,,NaN,,NaN,,main,1,1,2,neutral,positive,j,j,1,1.0635392999975,492.166832600022,493.199105300009,493.165577100008,None,492.166832600022,None,492.166832600022,None,492.166832600022,None,494.232593270042,None,494.232593270042,None,494.232593270042,None,NaN,,,NaN,NaN,NaN,NaN,NaN,NaN,NaN,,NaN,,NaN,,,NaN,NaN,,403,2023-08-15_14h51.45.687,Main,2022.1.1,30.2250496713769
negative,neutral,1,j,l,NaN,NaN,NaN,NaN,NaN,NaN,NaN,NaN,1,0,1,0,1,11,29,3,NaN,,NaN,,,NaN,NaN,,,NaN,NaN,,NaN,,NaN,,NaN,,main,1,1,1,neutral,negative,l,l,1,1.19694569997955,494.233376300079,495.264711100026,495.197895299993,None,494.233376300079,None,494.233376300079,None,494.233376300079,None,496.431830570009,None,496.431830570009,None,496.431830570009,None,NaN,,,NaN,NaN,NaN,NaN,NaN,NaN,NaN,,NaN,,NaN,,,NaN,NaN,,403,2023-08-15_14h51.45.687,Main,2022.1.1,30.2250496713769
positive,negative,2,l,j,NaN,NaN,NaN,NaN,NaN,NaN,NaN,NaN,1,0,1,0,1,12,30,14,NaN,,NaN,,,NaN,NaN,,,NaN,NaN,,NaN,,NaN,,NaN,,main,1,1,2,negative,positive,j,j,1,1.16378790000454,496.432021700079,497.464657400036,497.397484000074,None,496.432021700079,None,496.432021700079,None,496.432021700079,None,498.598056670069,None,498.598056670069,None,498.598056670069,None,NaN,,,NaN,NaN,NaN,NaN,NaN,NaN,NaN,,NaN,,NaN,,,NaN,NaN,,403,2023-08-15_14h51.45.687,Main,2022.1.1,30.2250496713769
positive,negative,1,l,j,NaN,NaN,NaN,NaN,NaN,NaN,NaN,NaN,1,0,1,0,1,13,31,5,NaN,,NaN,,,NaN,NaN,,,NaN,NaN,,NaN,,NaN,,NaN,,main,1,1,1,negative,positive,j,j,1,1.14850580005441,498.599583400064,499.599141800078,499.565810400061,None,498.599583400064,None,498.599583400064,None,498.599583400064,None,500.748533369997,None,500.748533369997,None,500.748533369997,None,NaN,,,NaN,NaN,NaN,NaN,NaN,NaN,NaN,,NaN,,NaN,,,NaN,NaN,,403,2023-08-15_14h51.45.687,Main,2022.1.1,30.2250496713769
positive,neutral,1,l,j,NaN,NaN,NaN,NaN,NaN,NaN,NaN,NaN,1,0,1,0,1,14,32,8,NaN,,NaN,,,NaN,NaN,,,NaN,NaN,,NaN,,NaN,,NaN,,main,1,1,1,neutral,positive,j,j,1,2.0301741999574,500.749946900061,501.750055600074,501.716909400071,None,500.749946900061,None,500.749946900061,None,500.749946900061,None,503.780801200075,None,503.780801200075,None,503.780801200075,None,NaN,,,NaN,NaN,NaN,NaN,NaN,NaN,NaN,,NaN,,NaN,,,NaN,NaN,,403,2023-08-15_14h51.45.687,Main,2022.1.1,30.2250496713769
negative,negative,1,j,l,NaN,NaN,NaN,NaN,NaN,NaN,NaN,NaN,1,0,1,0,1,15,33,0,NaN,,NaN,,,NaN,NaN,,,NaN,NaN,,NaN,,NaN,,NaN,,main,1,1,1,negative,negative,l,l,1,1.12348650000058,504.781212700065,505.788471100037,505.749458400067,None,504.781212700065,None,504.781212700065,None,504.781212700065,None,506.898386170063,None,506.898386170063,None,506.898386170063,None,NaN,,,NaN,NaN,NaN,NaN,NaN,NaN,NaN,,NaN,,NaN,,,NaN,NaN,,403,2023-08-15_14h51.45.687,Main,2022.1.1,30.2250496713769
negative,negative,2,j,l,NaN,NaN,NaN,NaN,NaN,NaN,NaN,NaN,1,0,1,0,1,16,34,9,NaN,,NaN,,,NaN,NaN,,,NaN,NaN,,NaN,,NaN,,NaN,,main,2,2,2,negative,negative,l,l,1,1.1977166000288,506.904000699986,507.918978300062,507.886496099993,None,506.904000699986,None,506.904000699986,None,506.904000699986,None,509.097681870009,None,509.097681870009,None,509.097681870009,None,NaN,,,NaN,NaN,NaN,NaN,NaN,NaN,NaN,,NaN,,NaN,,,NaN,NaN,,403,2023-08-15_14h51.45.687,Main,2022.1.1,30.2250496713769
neutral,negative,1,k,k,NaN,NaN,NaN,NaN,NaN,NaN,NaN,NaN,1,0,1,0,1,17,35,7,NaN,,NaN,,,NaN,NaN,,,NaN,NaN,,NaN,,NaN,,NaN,,main,1,1,1,negative,neutral,k,k,1,1.56583089998458,509.098855199991,510.130949200015,510.064573000069,None,509.098855199991,None,509.098855199991,None,509.098855199991,None,511.666662369994,None,511.666662369994,None,511.666662369994,None,NaN,,,NaN,NaN,NaN,NaN,NaN,NaN,NaN,,NaN,,NaN,,,NaN,NaN,,403,2023-08-15_14h51.45.687,Main,2022.1.1,30.2250496713769
neutral,positive,1,k,k,NaN,NaN,NaN,NaN,NaN,NaN,NaN,NaN,1,0,1,0,2,0,36,4,NaN,,NaN,,,NaN,NaN,,,NaN,NaN,,NaN,,NaN,,NaN,,main,2,2,1,positive,neutral,k,k,1,0.964414300047792,511.666645599995,512.697913400014,512.631301800022,None,511.666645599995,None,511.666645599995,None,511.666645599995,None,513.631792570022,None,513.631792570022,None,513.631792570022,None,NaN,,,NaN,NaN,NaN,NaN,NaN,NaN,NaN,,NaN,,NaN,,,NaN,NaN,,403,2023-08-15_14h51.45.687,Main,2022.1.1,30.2250496713769
negative,negative,1,j,l,NaN,NaN,NaN,NaN,NaN,NaN,NaN,NaN,1,0,1,0,2,1,37,0,NaN,,NaN,,,NaN,NaN,,,NaN,NaN,,NaN,,NaN,,NaN,,main,2,2,1,negative,negative,l,l,1,1.19867980002891,513.633772899979,514.664715700084,514.597900600056,None,513.633772899979,None,513.633772899979,None,513.633772899979,None,515.83160487006,None,515.83160487006,None,515.83160487006,None,NaN,,,NaN,NaN,NaN,NaN,NaN,NaN,NaN,,NaN,,NaN,,,NaN,NaN,,403,2023-08-15_14h51.45.687,Main,2022.1.1,30.2250496713769
negative,neutral,1,j,l,NaN,NaN,NaN,NaN,NaN,NaN,NaN,NaN,1,0,1,0,2,2,38,3,NaN,,NaN,,,NaN,NaN,,,NaN,NaN,,NaN,,NaN,,NaN,,main,2,2,1,neutral,negative,l,l,1,0.998288400005549,515.832837200025,516.83385350008,516.800494600087,None,515.832837200025,None,515.832837200025,None,515.832837200025,None,517.832680769986,None,517.832680769986,None,517.832680769986,None,NaN,,,NaN,NaN,NaN,NaN,NaN,NaN,NaN,,NaN,,NaN,,,NaN,NaN,,403,2023-08-15_14h51.45.687,Main,2022.1.1,30.2250496713769
positive,positive,2,l,j,NaN,NaN,NaN,NaN,NaN,NaN,NaN,NaN,1,0,1,0,2,3,39,11,NaN,,NaN,,,NaN,NaN,,,NaN,NaN,,NaN,,NaN,,NaN,,main,2,2,2,positive,positive,j,j,1,1.13136070000473,517.833423500066,518.866127200075,518.832775600022,None,517.833423500066,None,517.833423500066,None,517.833423500066,None,519.965276770084,None,519.965276770084,None,519.965276770084,None,NaN,,,NaN,NaN,NaN,NaN,NaN,NaN,NaN,,NaN,,NaN,,,NaN,NaN,,403,2023-08-15_14h51.45.687,Main,2022.1.1,30.2250496713769
neutral,negative,1,k,k,NaN,NaN,NaN,NaN,NaN,NaN,NaN,NaN,1,0,1,0,2,4,40,7,NaN,,NaN,,,NaN,NaN,,,NaN,NaN,,NaN,,NaN,,NaN,,main,1,1,1,negative,neutral,k,k,1,1.46565149992239,519.966372100054,520.966722500045,520.966722500045,None,519.966372100054,None,519.966372100054,None,519.966372100054,None,522.435374069982,None,522.435374069982,None,522.435374069982,None,NaN,,,NaN,NaN,NaN,NaN,NaN,NaN,NaN,,NaN,,NaN,,,NaN,NaN,,403,2023-08-15_14h51.45.687,Main,2022.1.1,30.2250496713769
positive,neutral,2,l,j,NaN,NaN,NaN,NaN,NaN,NaN,NaN,NaN,1,0,1,0,2,5,41,17,NaN,,NaN,,,NaN,NaN,,,NaN,NaN,,NaN,,NaN,,NaN,,main,1,1,2,neutral,positive,j,j,1,1.63076099997852,522.43563870003,523.434689400019,523.40215129999,None,522.43563870003,None,522.43563870003,None,522.43563870003,None,525.066532770079,None,525.066532770079,None,525.066532770079,None,NaN,,,NaN,NaN,NaN,NaN,NaN,NaN,NaN,,NaN,,NaN,,,NaN,NaN,,403,2023-08-15_14h51.45.687,Main,2022.1.1,30.2250496713769
positive,neutral,1,l,j,NaN,NaN,NaN,NaN,NaN,NaN,NaN,NaN,1,0,1,0,2,6,42,8,NaN,,NaN,,,NaN,NaN,,,NaN,NaN,,NaN,,NaN,,NaN,,main,1,1,1,neutral,positive,j,j,1,1.2627423000522,525.067038399982,526.065543100005,526.033264500089,None,525.067038399982,None,525.067038399982,None,525.067038399982,None,527.331836570078,None,527.331836570078,None,527.331836570078,None,NaN,,,NaN,NaN,NaN,NaN,NaN,NaN,NaN,,NaN,,NaN,,,NaN,NaN,,403,2023-08-15_14h51.45.687,Main,2022.1.1,30.2250496713769
negative,positive,1,j,l,NaN,NaN,NaN,NaN,NaN,NaN,NaN,NaN,1,0,1,0,2,7,43,6,NaN,,NaN,,,NaN,NaN,,,NaN,NaN,,NaN,,NaN,,NaN,,main,1,1,1,positive,negative,l,l,1,1.06829309999011,527.333759400062,528.328374000033,528.302903700038,None,527.333759400062,None,527.333759400062,None,527.333759400062,None,529.400407270086,None,529.400407270086,None,529.400407270086,None,NaN,,,NaN,NaN,NaN,NaN,NaN,NaN,NaN,,NaN,,NaN,,,NaN,NaN,,403,2023-08-15_14h51.45.687,Main,2022.1.1,30.2250496713769
neutral,neutral,2,k,k,NaN,NaN,NaN,NaN,NaN,NaN,NaN,NaN,1,0,1,0,2,8,44,10,NaN,,NaN,,,NaN,NaN,,,NaN,NaN,,NaN,,NaN,,NaN,,main,2,2,2,neutral,neutral,k,k,1,1.06335780001245,529.42371100001,530.433419800014,530.400542700081,None,529.42371100001,None,529.42371100001,None,529.42371100001,None,531.466997770034,None,531.466997770034,None,531.466997770034,None,NaN,,,NaN,NaN,NaN,NaN,NaN,NaN,NaN,,NaN,,NaN,,,NaN,NaN,,403,2023-08-15_14h51.45.687,Main,2022.1.1,30.2250496713769
positive,negative,1,l,j,NaN,NaN,NaN,NaN,NaN,NaN,NaN,NaN,1,0,1,0,2,9,45,5,NaN,,NaN,,,NaN,NaN,,,NaN,NaN,,NaN,,NaN,,NaN,,main,1,1,1,negative,positive,j,j,1,0.963752400013618,531.468525400036,532.499598400085,532.433592900052,None,531.468525400036,None,531.468525400036,None,531.468525400036,None,533.432522370038,None,533.432522370038,None,533.432522370038,None,NaN,,,NaN,NaN,NaN,NaN,NaN,NaN,NaN,,NaN,,NaN,,,NaN,NaN,,403,2023-08-15_14h51.45.687,Main,2022.1.1,30.2250496713769
neutral,negative,2,k,k,NaN,NaN,NaN,NaN,NaN,NaN,NaN,NaN,1,0,1,0,2,10,46,16,NaN,,NaN,,,NaN,NaN,,,NaN,NaN,,NaN,,NaN,,NaN,,main,2,2,2,negative,neutral,k,k,1,1.13048039993737,533.433913400047,534.465503800078,534.433311200002,None,533.433913400047,None,533.433913400047,None,533.433913400047,None,535.568168670079,None,535.568168670079,None,535.568168670079,None,NaN,,,NaN,NaN,NaN,NaN,NaN,NaN,NaN,,NaN,,NaN,,,NaN,NaN,,403,2023-08-15_14h51.45.687,Main,2022.1.1,30.2250496713769
neutral,positive,2,k,k,NaN,NaN,NaN,NaN,NaN,NaN,NaN,NaN,1,0,1,0,2,11,47,13,NaN,,NaN,,,NaN,NaN,,,NaN,NaN,,NaN,,NaN,,NaN,,main,1,1,2,positive,neutral,k,k,1,0.997603300027549,535.567959900014,536.568608800066,536.534729200066,None,535.567959900014,None,535.567959900014,None,535.567959900014,None,537.56780937002,None,537.56780937002,None,537.56780937002,None,NaN,,,NaN,NaN,NaN,NaN,NaN,NaN,NaN,,NaN,,NaN,,,NaN,NaN,,403,2023-08-15_14h51.45.687,Main,2022.1.1,30.2250496713769
negative,neutral,2,j,l,NaN,NaN,NaN,NaN,NaN,NaN,NaN,NaN,1,0,1,0,2,12,48,12,NaN,,NaN,,,NaN,NaN,,,NaN,NaN,,NaN,,NaN,,NaN,,main,2,2,2,neutral,negative,l,l,1,0.964988399995491,537.568446799996,538.566722900025,538.53559330001,None,537.568446799996,None,537.568446799996,None,537.568446799996,None,539.53369297008,None,539.53369297008,None,539.53369297008,None,NaN,,,NaN,NaN,NaN,NaN,NaN,NaN,NaN,,NaN,,NaN,,,NaN,NaN,,403,2023-08-15_14h51.45.687,Main,2022.1.1,30.2250496713769
neutral,neutral,1,k,k,NaN,NaN,NaN,NaN,NaN,NaN,NaN,NaN,1,0,1,0,2,13,49,1,NaN,,NaN,,,NaN,NaN,,,NaN,NaN,,NaN,,NaN,,NaN,,main,2,2,1,neutral,neutral,k,k,1,0.998224799986929,539.534437300055,540.567165400018,540.499744200031,None,539.534437300055,None,539.534437300055,None,539.534437300055,None,541.533146769996,None,541.533146769996,None,541.533146769996,None,NaN,,,NaN,NaN,NaN,NaN,NaN,NaN,NaN,,NaN,,NaN,,,NaN,NaN,,403,2023-08-15_14h51.45.687,Main,2022.1.1,30.2250496713769
positive,positive,1,l,j,NaN,NaN,NaN,NaN,NaN,NaN,NaN,NaN,1,0,1,0,2,14,50,2,NaN,,NaN,,,NaN,NaN,,,NaN,NaN,,NaN,,NaN,,NaN,,main,2,2,1,positive,positive,j,j,1,1.13683039997704,541.535578100011,542.566735600005,542.500135299983,None,541.535578100011,None,541.535578100011,None,541.535578100011,None,543.670640870021,None,543.670640870021,None,543.670640870021,None,NaN,,,NaN,NaN,NaN,NaN,NaN,NaN,NaN,,NaN,,NaN,,,NaN,NaN,,403,2023-08-15_14h51.45.687,Main,2022.1.1,30.2250496713769
positive,negative,2,l,j,NaN,NaN,NaN,NaN,NaN,NaN,NaN,NaN,1,0,1,0,2,15,51,14,NaN,,NaN,,,NaN,NaN,,,NaN,NaN,,NaN,,NaN,,NaN,,main,1,1,2,negative,positive,j,j,1,1.47683800000232,543.695292800083,544.718700100086,544.651884900057,None,543.695292800083,None,543.695292800083,None,543.695292800083,None,546.151061970065,None,546.151061970065,None,546.151061970065,None,NaN,,,NaN,NaN,NaN,NaN,NaN,NaN,NaN,,NaN,,NaN,,,NaN,NaN,,403,2023-08-15_14h51.45.687,Main,2022.1.1,30.2250496713769
negative,positive,2,j,l,NaN,NaN,NaN,NaN,NaN,NaN,NaN,NaN,1,0,1,0,2,16,52,15,NaN,,NaN,,,NaN,NaN,,,NaN,NaN,,NaN,,NaN,,NaN,,main,1,1,2,positive,negative,l,l,1,1.99715130007826,546.151663800003,547.152564299991,547.119395400048,None,546.151663800003,None,546.151663800003,None,546.151663800003,None,549.150036070053,None,549.150036070053,None,549.150036070053,None,NaN,,,NaN,NaN,NaN,NaN,NaN,NaN,NaN,,NaN,,NaN,,,NaN,NaN,,403,2023-08-15_14h51.45.687,Main,2022.1.1,30.2250496713769
negative,negative,2,j,l,NaN,NaN,NaN,NaN,NaN,NaN,NaN,NaN,1,0,1,0,2,17,53,9,NaN,,NaN,,,NaN,NaN,,,NaN,NaN,,NaN,,NaN,,NaN,,main,2,2,2,negative,negative,l,l,1,1.06781979999505,549.153068999993,550.185180200031,550.118897099979,None,549.153068999993,None,549.153068999993,None,549.153068999993,None,551.218174570031,None,551.218174570031,None,551.218174570031,None,NaN,,,NaN,NaN,NaN,NaN,NaN,NaN,NaN,,NaN,,NaN,,,NaN,NaN,,403,2023-08-15_14h51.45.687,Main,2022.1.1,30.2250496713769
neutral,negative,2,k,k,NaN,NaN,NaN,NaN,NaN,NaN,NaN,NaN,1,0,1,0,3,0,54,16,NaN,,NaN,,,NaN,NaN,,,NaN,NaN,,NaN,,NaN,,NaN,,main,2,2,2,negative,neutral,k,k,1,1.29454209993128,551.219198800041,552.251200000057,552.217271900037,None,551.219198800041,None,551.219198800041,None,551.219198800041,None,553.518456170009,None,553.518456170009,None,553.518456170009,None,NaN,,,NaN,NaN,NaN,NaN,NaN,NaN,NaN,,NaN,,NaN,,,NaN,NaN,,403,2023-08-15_14h51.45.687,Main,2022.1.1,30.2250496713769
positive,neutral,1,l,j,NaN,NaN,NaN,NaN,NaN,NaN,NaN,NaN,1,0,1,0,3,1,55,8,NaN,,NaN,,,NaN,NaN,,,NaN,NaN,,NaN,,NaN,,NaN,,main,2,2,1,neutral,positive,j,j,1,1.18093539995607,553.518995800056,554.534956200048,554.501912600012,None,553.518995800056,None,553.518995800056,None,553.518995800056,None,555.701431570016,None,555.701431570016,None,555.701431570016,None,NaN,,,NaN,NaN,NaN,NaN,NaN,NaN,NaN,,NaN,,NaN,,,NaN,NaN,,403,2023-08-15_14h51.45.687,Main,2022.1.1,30.2250496713769
negative,neutral,2,j,l,NaN,NaN,NaN,NaN,NaN,NaN,NaN,NaN,1,0,1,0,3,2,56,12,NaN,,NaN,,,NaN,NaN,,,NaN,NaN,,NaN,,NaN,,NaN,,main,2,2,2,neutral,negative,l,l,1,1.26347460004035,555.702862799983,556.734040900017,556.700669200043,None,555.702862799983,None,555.702862799983,None,555.702862799983,None,557.967234170088,None,557.967234170088,None,557.967234170088,None,NaN,,,NaN,NaN,NaN,NaN,NaN,NaN,NaN,,NaN,,NaN,,,NaN,NaN,,403,2023-08-15_14h51.45.687,Main,2022.1.1,30.2250496713769
positive,negative,2,l,j,NaN,NaN,NaN,NaN,NaN,NaN,NaN,NaN,1,0,1,0,3,3,57,14,NaN,,NaN,,,NaN,NaN,,,NaN,NaN,,NaN,,NaN,,NaN,,main,2,2,2,negative,positive,j,j,1,1.73367029998917,557.966830100049,558.967682600021,558.93504770007,None,557.966830100049,None,557.966830100049,None,557.966830100049,None,560.702325570071,None,560.702325570071,None,560.702325570071,None,NaN,,,NaN,NaN,NaN,NaN,NaN,NaN,NaN,,NaN,,NaN,,,NaN,NaN,,403,2023-08-15_14h51.45.687,Main,2022.1.1,30.2250496713769
positive,positive,2,l,j,NaN,NaN,NaN,NaN,NaN,NaN,NaN,NaN,1,0,1,0,3,4,58,11,NaN,,NaN,,,NaN,NaN,,,NaN,NaN,,NaN,,NaN,,NaN,,main,2,2,2,positive,positive,j,j,1,1.29664850002155,560.70296080003,561.733601600048,561.701040400076,None,560.70296080003,None,560.70296080003,None,560.70296080003,None,563.000675270008,None,563.000675270008,None,563.000675270008,None,NaN,,,NaN,NaN,NaN,NaN,NaN,NaN,NaN,,NaN,,NaN,,,NaN,NaN,,403,2023-08-15_14h51.45.687,Main,2022.1.1,30.2250496713769
positive,negative,1,l,j,NaN,NaN,NaN,NaN,NaN,NaN,NaN,NaN,1,0,1,0,3,5,59,5,NaN,,NaN,,,NaN,NaN,,,NaN,NaN,,NaN,,NaN,,NaN,,main,1,1,1,negative,positive,j,j,1,1.06559390004259,563.001044400036,564.001545000006,564.001545000006,None,563.001044400036,None,563.001044400036,None,563.001044400036,None,565.070472070039,None,565.070472070039,None,565.070472070039,None,NaN,,,NaN,NaN,NaN,NaN,NaN,NaN,NaN,,NaN,,NaN,,,NaN,NaN,,403,2023-08-15_14h51.45.687,Main,2022.1.1,30.2250496713769
negative,positive,1,j,l,NaN,NaN,NaN,NaN,NaN,NaN,NaN,NaN,1,0,1,0,3,6,60,6,NaN,,NaN,,,NaN,NaN,,,NaN,NaN,,NaN,,NaN,,NaN,,main,2,2,1,positive,negative,l,l,1,0.965939099900424,565.071880000061,566.10416550003,566.037707600044,None,565.071880000061,None,565.071880000061,None,565.071880000061,None,567.037504970003,None,567.037504970003,None,567.037504970003,None,NaN,,,NaN,NaN,NaN,NaN,NaN,NaN,NaN,,NaN,,NaN,,,NaN,NaN,,403,2023-08-15_14h51.45.687,Main,2022.1.1,30.2250496713769
neutral,neutral,1,k,k,NaN,NaN,NaN,NaN,NaN,NaN,NaN,NaN,1,0,1,0,3,7,61,1,NaN,,NaN,,,NaN,NaN,,,NaN,NaN,,NaN,,NaN,,NaN,,main,2,2,1,neutral,neutral,k,k,1,0.965038000023924,567.037865500082,568.03779880004,568.00516150007,None,567.037865500082,None,567.037865500082,None,567.037865500082,None,569.004746870045,None,569.004746870045,None,569.004746870045,None,NaN,,,NaN,NaN,NaN,NaN,NaN,NaN,NaN,,NaN,,NaN,,,NaN,NaN,,403,2023-08-15_14h51.45.687,Main,2022.1.1,30.2250496713769
negative,positive,2,j,l,NaN,NaN,NaN,NaN,NaN,NaN,NaN,NaN,1,0,1,0,3,8,62,15,NaN,,NaN,,,NaN,NaN,,,NaN,NaN,,NaN,,NaN,,NaN,,main,2,2,2,positive,negative,l,j,0,1.39723570004571,569.005009400076,570.037446000031,569.970426900079,None,569.005009400076,None,569.005009400076,None,569.005009400076,None,571.403972800006,None,571.403972800006,None,571.403972800006,None,NaN,,,NaN,NaN,NaN,NaN,NaN,NaN,NaN,,NaN,,NaN,,,NaN,NaN,,403,2023-08-15_14h51.45.687,Main,2022.1.1,30.2250496713769
positive,neutral,2,l,j,NaN,NaN,NaN,NaN,NaN,NaN,NaN,NaN,1,0,1,0,3,9,63,17,NaN,,NaN,,,NaN,NaN,,,NaN,NaN,,NaN,,NaN,,NaN,,main,2,2,2,neutral,positive,j,j,1,1.03881699999329,572.434697800083,573.435670100036,573.403089300031,None,572.434697800083,None,572.434697800083,None,572.434697800083,None,574.46866507004,None,574.46866507004,None,574.46866507004,None,NaN,,,NaN,NaN,NaN,NaN,NaN,NaN,NaN,,NaN,,NaN,,,NaN,NaN,,403,2023-08-15_14h51.45.687,Main,2022.1.1,30.2250496713769
neutral,positive,2,k,k,NaN,NaN,NaN,NaN,NaN,NaN,NaN,NaN,1,0,1,0,3,10,64,13,NaN,,NaN,,,NaN,NaN,,,NaN,NaN,,NaN,,NaN,,NaN,,main,2,2,2,positive,neutral,k,k,1,1.07281309994869,574.47036580008,575.470388200018,575.436700900085,None,574.47036580008,None,574.47036580008,None,574.47036580008,None,576.542176470067,None,576.542176470067,None,576.542176470067,None,NaN,,,NaN,NaN,NaN,NaN,NaN,NaN,NaN,,NaN,,NaN,,,NaN,NaN,,403,2023-08-15_14h51.45.687,Main,2022.1.1,30.2250496713769
positive,positive,1,l,j,NaN,NaN,NaN,NaN,NaN,NaN,NaN,NaN,1,0,1,0,3,11,65,2,NaN,,NaN,,,NaN,NaN,,,NaN,NaN,,NaN,,NaN,,NaN,,main,2,2,1,positive,positive,j,j,1,1.37315489992034,576.553348300047,577.553383400082,577.520689800032,None,576.553348300047,None,576.553348300047,None,576.553348300047,None,578.918361370009,None,578.918361370009,None,578.918361370009,None,NaN,,,NaN,NaN,NaN,NaN,NaN,NaN,NaN,,NaN,,NaN,,,NaN,NaN,,403,2023-08-15_14h51.45.687,Main,2022.1.1,30.2250496713769
neutral,neutral,2,k,k,NaN,NaN,NaN,NaN,NaN,NaN,NaN,NaN,1,0,1,0,3,12,66,10,NaN,,NaN,,,NaN,NaN,,,NaN,NaN,,NaN,,NaN,,NaN,,main,1,1,2,neutral,neutral,k,k,1,1.13200420001522,578.919251000043,579.9204531,579.886830100091,None,578.919251000043,None,578.919251000043,None,578.919251000043,None,581.053071670025,None,581.053071670025,None,581.053071670025,None,NaN,,,NaN,NaN,NaN,NaN,NaN,NaN,NaN,,NaN,,NaN,,,NaN,NaN,,403,2023-08-15_14h51.45.687,Main,2022.1.1,30.2250496713769
negative,negative,2,j,l,NaN,NaN,NaN,NaN,NaN,NaN,NaN,NaN,1,0,1,0,3,13,67,9,NaN,,NaN,,,NaN,NaN,,,NaN,NaN,,NaN,,NaN,,NaN,,main,2,2,2,negative,negative,l,l,1,1.09757579991128,581.053389000008,582.085055900039,582.052251500078,None,581.053389000008,None,581.053389000008,None,581.053389000008,None,583.152178270067,None,583.152178270067,None,583.152178270067,None,NaN,,,NaN,NaN,NaN,NaN,NaN,NaN,NaN,,NaN,,NaN,,,NaN,NaN,,403,2023-08-15_14h51.45.687,Main,2022.1.1,30.2250496713769
negative,neutral,1,j,l,NaN,NaN,NaN,NaN,NaN,NaN,NaN,NaN,1,0,1,0,3,14,68,3,NaN,,NaN,,,NaN,NaN,,,NaN,NaN,,NaN,,NaN,,NaN,,main,1,1,1,neutral,negative,l,l,1,1.1549882000545,583.15257070004,584.185310000088,584.151700200047,None,583.15257070004,None,583.15257070004,None,583.15257070004,None,585.307912469981,None,585.307912469981,None,585.307912469981,None,NaN,,,NaN,NaN,NaN,NaN,NaN,NaN,NaN,,NaN,,NaN,,,NaN,NaN,,403,2023-08-15_14h51.45.687,Main,2022.1.1,30.2250496713769
neutral,positive,1,k,k,NaN,NaN,NaN,NaN,NaN,NaN,NaN,NaN,1,0,1,0,3,15,69,4,NaN,,NaN,,,NaN,NaN,,,NaN,NaN,,NaN,,NaN,,NaN,,main,1,1,1,positive,neutral,k,k,1,1.02420620003249,585.321391400066,586.320453800028,586.292262700037,None,585.321391400066,None,585.321391400066,None,585.321391400066,None,587.337402470084,None,587.337402470084,None,587.337402470084,None,NaN,,,NaN,NaN,NaN,NaN,NaN,NaN,NaN,,NaN,,NaN,,,NaN,NaN,,403,2023-08-15_14h51.45.687,Main,2022.1.1,30.2250496713769
neutral,negative,1,k,k,NaN,NaN,NaN,NaN,NaN,NaN,NaN,NaN,1,0,1,0,3,16,70,7,NaN,,NaN,,,NaN,NaN,,,NaN,NaN,,NaN,,NaN,,NaN,,main,1,1,1,negative,neutral,k,k,1,0.998682000092231,587.338091399986,588.368880200083,588.302785200067,None,587.338091399986,None,587.338091399986,None,587.338091399986,None,589.337271970022,None,589.337271970022,None,589.337271970022,None,NaN,,,NaN,NaN,NaN,NaN,NaN,NaN,NaN,,NaN,,NaN,,,NaN,NaN,,403,2023-08-15_14h51.45.687,Main,2022.1.1,30.2250496713769
negative,negative,1,j,l,NaN,NaN,NaN,NaN,NaN,NaN,NaN,NaN,1,0,1,0,3,17,71,0,NaN,,NaN,,,NaN,NaN,,,NaN,NaN,,NaN,,NaN,,NaN,,main,2,2,1,negative,negative,l,l,1,1.19722929992713,589.338331200066,590.36966299999,590.302544599981,None,589.338331200066,None,589.338331200066,None,589.338331200066,None,591.535889770044,None,591.535889770044,None,591.535889770044,None,NaN,,,NaN,NaN,NaN,NaN,NaN,NaN,NaN,,NaN,,NaN,,,NaN,NaN,,403,2023-08-15_14h51.45.687,Main,2022.1.1,30.2250496713769
negative,negative,1,j,l,NaN,NaN,NaN,NaN,NaN,NaN,NaN,NaN,1,0,1,0,4,0,72,0,NaN,,NaN,,,NaN,NaN,,,NaN,NaN,,NaN,,NaN,,NaN,,main,1,1,1,negative,negative,l,l,1,1.29712140001357,591.536993100075,592.536730000051,592.503173600067,None,591.536993100075,None,591.536993100075,None,591.536993100075,None,593.835847870004,None,593.835847870004,None,593.835847870004,None,NaN,,,NaN,NaN,NaN,NaN,NaN,NaN,NaN,,NaN,,NaN,,,NaN,NaN,,403,2023-08-15_14h51.45.687,Main,2022.1.1,30.2250496713769
,,NaN,,,NaN,NaN,NaN,NaN,NaN,NaN,NaN,NaN,NaN,NaN,NaN,NaN,NaN,NaN,NaN,NaN,NaN,,NaN,,,NaN,NaN,,,NaN,NaN,,NaN,,NaN,,NaN,,main,2,2,1,neutral,negative,,,NaN,NaN,NaN,NaN,NaN,,NaN,,NaN,,NaN,,NaN,,NaN,,NaN,,NaN,,,NaN,NaN,NaN,NaN,NaN,NaN,NaN,,NaN,,NaN,,,NaN,NaN,,NaN,,,,NaN
