target,distractor,set,ans1,ans2,total_experiment_thisRepN,total_experiment_thisTrialN,total_experiment_thisN,total_experiment_thisIndex,flanker_thisRepN,flanker_thisTrialN,flanker_thisN,flanker_thisIndex,stroop_thisRepN,stroop_thisTrialN,stroop_thisN,stroop_thisIndex,conjunction_thisRepN,conjunction_thisTrialN,conjunction_thisN,conjunction_thisIndex,fl_ins_rep_thisRepN,fl_ins_rep_thisTrialN,fl_ins_rep_thisN,fl_ins_rep_thisIndex,flanker_prac_loop_thisRepN,flanker_prac_loop_thisTrialN,flanker_prac_loop_thisN,flanker_prac_loop_thisIndex,flanker_prac_exp_thisRepN,flanker_prac_exp_thisTrialN,flanker_prac_exp_thisN,flanker_prac_exp_thisIndex,fl_block_thisRepN,fl_block_thisTrialN,fl_block_thisN,fl_block_thisIndex,flanker_main_loop_thisRepN,flanker_main_loop_thisTrialN,flanker_main_loop_thisN,flanker_main_loop_thisIndex,flanker_block_ins_thisRepN,flanker_block_ins_thisTrialN,flanker_block_ins_thisN,flanker_block_ins_thisIndex,image_8_started,start_wait_started,key_resp_9_started,key_resp_9_keys,key_resp_9_rt,key_resp_9_duration,next_game_img_started,next_game_key_started,next_game_key_keys,next_game_key_rt,next_game_key_duration,fl_inst_resp_keys,fl_inst_resp_rt,fl_inst_resp_duration,image_4_started,image_5_started,image_6_started,back_2_started,main_prac,fl_cold,fl_colt,fl_set,fl_dcond,fl_tcond,fix_fl_started,j_button_started,k_button_started,l_button_started,targ_started,fix_fl_stopped,fl_ans,fl_res,fl_corr,fl_rt,j_button2_started,k_button2_started,l_button2_started,j_button2_stopped,k_button2_stopped,l_button2_stopped,backimg_started,fl_prac_text_started,fl_prac_key_started,fl_prac_key_keys,fl_prac_key_rt,fl_prac_key_duration,mainback_started,mouse_6_started,image_7_started,key_resp_keys,key_resp_rt,key_resp_duration,mouse_6_x,mouse_6_y,mouse_6_leftButton,mouse_6_midButton,mouse_6_rightButton,back_2_stopped,task_type,j_button2_2_started,k_button2_2_started,l_button2_2_started,j_button2_2_stopped,k_button2_2_stopped,l_button2_2_stopped,contineu_img_started,key_resp_8_started,key_resp_8_keys,key_resp_8_rt,key_resp_8_duration,id_,age,order,sex,flanker,stroop,conjunction,test_mode,date,expName,psychopyVersion,frameRate
,,NaN,,,NaN,NaN,NaN,NaN,NaN,NaN,NaN,NaN,NaN,NaN,NaN,NaN,NaN,NaN,NaN,NaN,NaN,NaN,NaN,NaN,NaN,NaN,NaN,NaN,NaN,NaN,NaN,NaN,NaN,NaN,NaN,NaN,NaN,NaN,NaN,NaN,NaN,NaN,NaN,NaN,106.007782000001,106.007782000001,106.007782000001,space,0.0117362999881152,None,NaN,NaN,,NaN,,,NaN,,NaN,NaN,NaN,NaN,,NaN,NaN,NaN,,,NaN,NaN,NaN,NaN,NaN,NaN,,,NaN,NaN,NaN,NaN,NaN,NaN,NaN,NaN,NaN,NaN,NaN,,NaN,,NaN,NaN,NaN,,NaN,,NaN,NaN,NaN,NaN,NaN,NaN,,NaN,NaN,NaN,NaN,NaN,NaN,NaN,NaN,,NaN,,603,5,3,m,yes,no,yes,no,2023-08-26_16h58.08.791,all_task_Ver_0825,2023.1.3,59.6935096417961
,,NaN,,,0,0,0,0,NaN,NaN,NaN,NaN,NaN,NaN,NaN,NaN,NaN,NaN,NaN,NaN,NaN,NaN,NaN,NaN,NaN,NaN,NaN,NaN,NaN,NaN,NaN,NaN,NaN,NaN,NaN,NaN,NaN,NaN,NaN,NaN,NaN,NaN,NaN,NaN,NaN,NaN,NaN,,NaN,,106.037449299998,106.037449299998,space,1.5105849999818,None,,NaN,,NaN,NaN,NaN,NaN,,NaN,NaN,NaN,,,NaN,NaN,NaN,NaN,NaN,NaN,,,NaN,NaN,NaN,NaN,NaN,NaN,NaN,NaN,NaN,NaN,NaN,,NaN,,NaN,NaN,NaN,,NaN,,NaN,NaN,NaN,NaN,NaN,NaN,,NaN,NaN,NaN,NaN,NaN,NaN,NaN,NaN,,NaN,,603,5,3,m,yes,no,yes,no,2023-08-26_16h58.08.791,all_task_Ver_0825,2023.1.3,59.6935096417961
,,NaN,,,1,0,1,0,0,0,0,0,NaN,NaN,NaN,NaN,NaN,NaN,NaN,NaN,0,0,0,0,NaN,NaN,NaN,NaN,NaN,NaN,NaN,NaN,NaN,NaN,NaN,NaN,NaN,NaN,NaN,NaN,NaN,NaN,NaN,NaN,NaN,NaN,NaN,,NaN,,NaN,NaN,,NaN,,space,51.3082557000162,None,159.927776999975,159.927776999975,NaN,NaN,,NaN,NaN,NaN,,,NaN,NaN,NaN,NaN,NaN,NaN,,,NaN,NaN,NaN,NaN,NaN,NaN,NaN,NaN,NaN,NaN,NaN,,NaN,,NaN,NaN,NaN,,NaN,,NaN,NaN,NaN,NaN,NaN,NaN,,NaN,NaN,NaN,NaN,NaN,NaN,NaN,NaN,,NaN,,603,5,3,m,yes,no,yes,no,2023-08-26_16h58.08.791,all_task_Ver_0825,2023.1.3,59.6935096417961
positive,negative,1,l,j,1,0,1,0,0,0,0,0,NaN,NaN,NaN,NaN,NaN,NaN,NaN,NaN,NaN,NaN,NaN,NaN,0,0,0,5,0,0,0,0,NaN,NaN,NaN,NaN,NaN,NaN,NaN,NaN,NaN,NaN,NaN,NaN,NaN,NaN,NaN,,NaN,,NaN,NaN,,NaN,,,NaN,,NaN,NaN,162.17825669999,164.180710399989,prac,2,2,1,negative,positive,166.22875129999,166.22875129999,166.22875129999,166.22875129999,167.194708499999,167.244296099991,j,j,1,6.56210530002136,173.775206599996,173.775206599996,173.775206599996,174.779021199996,174.779021199996,174.779021199996,174.779021199996,174.779021199996,174.779021199996,space,1.56811950000701,None,NaN,NaN,NaN,,NaN,,NaN,NaN,NaN,NaN,NaN,NaN,,NaN,NaN,NaN,NaN,NaN,NaN,NaN,NaN,,NaN,,603,5,3,m,yes,no,yes,no,2023-08-26_16h58.08.791,all_task_Ver_0825,2023.1.3,59.6935096417961
positive,negative,1,l,j,1,0,1,0,0,0,0,0,NaN,NaN,NaN,NaN,NaN,NaN,NaN,NaN,NaN,NaN,NaN,NaN,0,0,0,5,NaN,NaN,NaN,NaN,NaN,NaN,NaN,NaN,NaN,NaN,NaN,NaN,NaN,NaN,NaN,NaN,NaN,NaN,NaN,,NaN,,NaN,NaN,,NaN,,,NaN,,NaN,NaN,NaN,NaN,,NaN,NaN,NaN,,,NaN,NaN,NaN,NaN,NaN,NaN,,,NaN,NaN,NaN,NaN,NaN,NaN,NaN,NaN,NaN,NaN,NaN,,NaN,,NaN,NaN,NaN,,NaN,,NaN,NaN,NaN,NaN,NaN,NaN,,NaN,NaN,NaN,NaN,NaN,NaN,NaN,NaN,,NaN,,603,5,3,m,yes,no,yes,no,2023-08-26_16h58.08.791,all_task_Ver_0825,2023.1.3,59.6935096417961
negative,neutral,2,j,l,1,0,1,0,0,0,0,0,NaN,NaN,NaN,NaN,NaN,NaN,NaN,NaN,NaN,NaN,NaN,NaN,0,1,1,12,NaN,NaN,NaN,NaN,NaN,NaN,NaN,NaN,NaN,NaN,NaN,NaN,NaN,NaN,NaN,NaN,NaN,NaN,NaN,,NaN,,NaN,NaN,,NaN,,,NaN,,NaN,NaN,NaN,NaN,prac,2,2,2,neutral,negative,176.409204999974,176.409204999974,176.409204999974,176.409204999974,177.376985499985,177.410676400003,l,l,1,1.87309720000485,179.277467099979,179.277467099979,179.277467099979,179.277467099979,179.277467099979,179.277467099979,NaN,NaN,NaN,,NaN,,NaN,NaN,NaN,,NaN,,NaN,NaN,NaN,NaN,NaN,NaN,,NaN,NaN,NaN,NaN,NaN,NaN,NaN,NaN,,NaN,,603,5,3,m,yes,no,yes,no,2023-08-26_16h58.08.791,all_task_Ver_0825,2023.1.3,59.6935096417961
neutral,positive,1,k,k,1,0,1,0,0,0,0,0,NaN,NaN,NaN,NaN,NaN,NaN,NaN,NaN,NaN,NaN,NaN,NaN,0,2,2,4,0,0,0,0,NaN,NaN,NaN,NaN,NaN,NaN,NaN,NaN,NaN,NaN,NaN,NaN,NaN,NaN,NaN,,NaN,,NaN,NaN,,NaN,,,NaN,,NaN,NaN,NaN,NaN,prac,1,1,1,positive,neutral,179.277467099979,179.277467099979,179.277467099979,179.277467099979,180.244042299979,180.277300199989,k,k,1,3.84418359998381,184.110376199998,184.110376199998,184.110376199998,185.110249399993,185.110249399993,185.110249399993,185.110249399993,185.110249399993,185.110249399993,space,1.59726670000236,None,NaN,NaN,NaN,,NaN,,NaN,NaN,NaN,NaN,NaN,NaN,,NaN,NaN,NaN,NaN,NaN,NaN,NaN,NaN,,NaN,,603,5,3,m,yes,no,yes,no,2023-08-26_16h58.08.791,all_task_Ver_0825,2023.1.3,59.6935096417961
neutral,positive,1,k,k,1,0,1,0,0,0,0,0,NaN,NaN,NaN,NaN,NaN,NaN,NaN,NaN,NaN,NaN,NaN,NaN,0,2,2,4,NaN,NaN,NaN,NaN,NaN,NaN,NaN,NaN,NaN,NaN,NaN,NaN,NaN,NaN,NaN,NaN,NaN,NaN,NaN,,NaN,,NaN,NaN,,NaN,,,NaN,,NaN,NaN,NaN,NaN,,NaN,NaN,NaN,,,NaN,NaN,NaN,NaN,NaN,NaN,,,NaN,NaN,NaN,NaN,NaN,NaN,NaN,NaN,NaN,NaN,NaN,,NaN,,NaN,NaN,NaN,,NaN,,NaN,NaN,NaN,NaN,NaN,NaN,,NaN,NaN,NaN,NaN,NaN,NaN,NaN,NaN,,NaN,,603,5,3,m,yes,no,yes,no,2023-08-26_16h58.08.791,all_task_Ver_0825,2023.1.3,59.6935096417961
neutral,neutral,1,k,k,1,0,1,0,0,0,0,0,NaN,NaN,NaN,NaN,NaN,NaN,NaN,NaN,NaN,NaN,NaN,NaN,0,3,3,1,0,0,0,0,NaN,NaN,NaN,NaN,NaN,NaN,NaN,NaN,NaN,NaN,NaN,NaN,NaN,NaN,NaN,,NaN,,NaN,NaN,,NaN,,,NaN,,NaN,NaN,NaN,NaN,prac,1,1,1,neutral,neutral,186.741621399997,186.741621399997,186.741621399997,186.741621399997,187.727869399998,187.759371099994,k,k,1,3.67302980000386,191.410577499977,191.410577499977,191.410577499977,192.411724799982,192.411724799982,192.411724799982,192.411724799982,192.411724799982,192.411724799982,space,1.32766169999377,None,NaN,NaN,NaN,,NaN,,NaN,NaN,NaN,NaN,NaN,NaN,,NaN,NaN,NaN,NaN,NaN,NaN,NaN,NaN,,NaN,,603,5,3,m,yes,no,yes,no,2023-08-26_16h58.08.791,all_task_Ver_0825,2023.1.3,59.6935096417961
neutral,neutral,1,k,k,1,0,1,0,0,0,0,0,NaN,NaN,NaN,NaN,NaN,NaN,NaN,NaN,NaN,NaN,NaN,NaN,0,3,3,1,NaN,NaN,NaN,NaN,NaN,NaN,NaN,NaN,NaN,NaN,NaN,NaN,NaN,NaN,NaN,NaN,NaN,NaN,NaN,,NaN,,NaN,NaN,,NaN,,,NaN,,NaN,NaN,NaN,NaN,,NaN,NaN,NaN,,,NaN,NaN,NaN,NaN,NaN,NaN,,,NaN,NaN,NaN,NaN,NaN,NaN,NaN,NaN,NaN,NaN,NaN,,NaN,,NaN,NaN,NaN,,NaN,,NaN,NaN,NaN,NaN,NaN,NaN,,NaN,NaN,NaN,NaN,NaN,NaN,NaN,NaN,,NaN,,603,5,3,m,yes,no,yes,no,2023-08-26_16h58.08.791,all_task_Ver_0825,2023.1.3,59.6935096417961
negative,negative,1,j,l,1,0,1,0,0,0,0,0,NaN,NaN,NaN,NaN,NaN,NaN,NaN,NaN,NaN,NaN,NaN,NaN,0,4,4,0,0,0,0,0,NaN,NaN,NaN,NaN,NaN,NaN,NaN,NaN,NaN,NaN,NaN,NaN,NaN,NaN,NaN,,NaN,,NaN,NaN,,NaN,,,NaN,,NaN,NaN,NaN,NaN,prac,1,1,1,negative,negative,193.776629999978,193.776629999978,193.776629999978,193.776629999978,194.761399199982,194.777913699974,l,l,1,2.35526770001161,197.128221099993,197.128221099993,197.128221099993,198.127725400002,198.127725400002,198.127725400002,198.127725400002,198.127725400002,198.127725400002,space,3.56438470000285,None,NaN,NaN,NaN,,NaN,,NaN,NaN,NaN,NaN,NaN,NaN,,NaN,NaN,NaN,NaN,NaN,NaN,NaN,NaN,,NaN,,603,5,3,m,yes,no,yes,no,2023-08-26_16h58.08.791,all_task_Ver_0825,2023.1.3,59.6935096417961
negative,negative,1,j,l,1,0,1,0,0,0,0,0,NaN,NaN,NaN,NaN,NaN,NaN,NaN,NaN,NaN,NaN,NaN,NaN,0,4,4,0,NaN,NaN,NaN,NaN,NaN,NaN,NaN,NaN,NaN,NaN,NaN,NaN,NaN,NaN,NaN,NaN,NaN,NaN,NaN,,NaN,,NaN,NaN,,NaN,,,NaN,,NaN,NaN,NaN,NaN,,NaN,NaN,NaN,,,NaN,NaN,NaN,NaN,NaN,NaN,,,NaN,NaN,NaN,NaN,NaN,NaN,NaN,NaN,NaN,NaN,NaN,,NaN,,NaN,NaN,NaN,,NaN,,NaN,NaN,NaN,NaN,NaN,NaN,,NaN,NaN,NaN,NaN,NaN,NaN,NaN,NaN,,NaN,,603,5,3,m,yes,no,yes,no,2023-08-26_16h58.08.791,all_task_Ver_0825,2023.1.3,59.6935096417961
negative,positive,1,j,l,1,0,1,0,0,0,0,0,NaN,NaN,NaN,NaN,NaN,NaN,NaN,NaN,NaN,NaN,NaN,NaN,0,5,5,6,0,0,0,0,NaN,NaN,NaN,NaN,NaN,NaN,NaN,NaN,NaN,NaN,NaN,NaN,NaN,NaN,NaN,,NaN,,NaN,NaN,,NaN,,,NaN,,NaN,NaN,NaN,NaN,prac,2,2,1,positive,negative,201.7432463,201.7432463,201.7432463,201.7432463,202.726860900002,202.74514319998,l,l,1,2.40305389999412,205.109115300002,205.109115300002,205.109115300002,206.111719399982,206.111719399982,206.111719399982,206.111719399982,206.111719399982,206.111719399982,space,1.17146379998303,None,NaN,NaN,NaN,,NaN,,NaN,NaN,NaN,NaN,NaN,NaN,,NaN,NaN,NaN,NaN,NaN,NaN,NaN,NaN,,NaN,,603,5,3,m,yes,no,yes,no,2023-08-26_16h58.08.791,all_task_Ver_0825,2023.1.3,59.6935096417961
negative,positive,1,j,l,1,0,1,0,0,0,0,0,NaN,NaN,NaN,NaN,NaN,NaN,NaN,NaN,NaN,NaN,NaN,NaN,0,5,5,6,NaN,NaN,NaN,NaN,NaN,NaN,NaN,NaN,NaN,NaN,NaN,NaN,NaN,NaN,NaN,NaN,NaN,NaN,NaN,,NaN,,NaN,NaN,,NaN,,,NaN,,NaN,NaN,NaN,NaN,,NaN,NaN,NaN,,,NaN,NaN,NaN,NaN,NaN,NaN,,,NaN,NaN,NaN,NaN,NaN,NaN,NaN,NaN,NaN,NaN,NaN,,NaN,,NaN,NaN,NaN,,NaN,,NaN,NaN,NaN,NaN,NaN,NaN,,NaN,NaN,NaN,NaN,NaN,NaN,NaN,NaN,,NaN,,603,5,3,m,yes,no,yes,no,2023-08-26_16h58.08.791,all_task_Ver_0825,2023.1.3,59.6935096417961
negative,neutral,1,j,l,1,0,1,0,0,0,0,0,NaN,NaN,NaN,NaN,NaN,NaN,NaN,NaN,NaN,NaN,NaN,NaN,0,6,6,3,0,0,0,0,NaN,NaN,NaN,NaN,NaN,NaN,NaN,NaN,NaN,NaN,NaN,NaN,NaN,NaN,NaN,,NaN,,NaN,NaN,,NaN,,,NaN,,NaN,NaN,NaN,NaN,prac,2,2,1,neutral,negative,207.327474199992,207.327474199992,207.327474199992,207.327474199992,208.312134599983,208.328786799975,l,l,1,2.4890493999992,210.811914299993,210.811914299993,210.811914299993,211.812216099992,211.812216099992,211.812216099992,211.812216099992,211.812216099992,211.812216099992,space,0.918930099986028,None,NaN,NaN,NaN,,NaN,,NaN,NaN,NaN,NaN,NaN,NaN,,NaN,NaN,NaN,NaN,NaN,NaN,NaN,NaN,,NaN,,603,5,3,m,yes,no,yes,no,2023-08-26_16h58.08.791,all_task_Ver_0825,2023.1.3,59.6935096417961
negative,neutral,1,j,l,1,0,1,0,0,0,0,0,NaN,NaN,NaN,NaN,NaN,NaN,NaN,NaN,NaN,NaN,NaN,NaN,0,6,6,3,NaN,NaN,NaN,NaN,NaN,NaN,NaN,NaN,NaN,NaN,NaN,NaN,NaN,NaN,NaN,NaN,NaN,NaN,NaN,,NaN,,NaN,NaN,,NaN,,,NaN,,NaN,NaN,NaN,NaN,,NaN,NaN,NaN,,,NaN,NaN,NaN,NaN,NaN,NaN,,,NaN,NaN,NaN,NaN,NaN,NaN,NaN,NaN,NaN,NaN,NaN,,NaN,,NaN,NaN,NaN,,NaN,,NaN,NaN,NaN,NaN,NaN,NaN,,NaN,NaN,NaN,NaN,NaN,NaN,NaN,NaN,,NaN,,603,5,3,m,yes,no,yes,no,2023-08-26_16h58.08.791,all_task_Ver_0825,2023.1.3,59.6935096417961
positive,positive,1,l,j,1,0,1,0,0,0,0,0,NaN,NaN,NaN,NaN,NaN,NaN,NaN,NaN,NaN,NaN,NaN,NaN,0,7,7,2,0,0,0,0,NaN,NaN,NaN,NaN,NaN,NaN,NaN,NaN,NaN,NaN,NaN,NaN,NaN,NaN,NaN,,NaN,,NaN,NaN,,NaN,,,NaN,,NaN,NaN,NaN,NaN,prac,1,1,1,positive,positive,212.777741699974,212.777741699974,212.777741699974,212.777741699974,213.778188800003,213.795904500003,j,j,1,3.87235160000273,217.645922600001,217.645922600001,217.645922600001,218.645874899987,218.645874899987,218.645874899987,218.645874899987,218.645874899987,218.645874899987,space,1.31049699999858,None,NaN,NaN,NaN,,NaN,,NaN,NaN,NaN,NaN,NaN,NaN,,NaN,NaN,NaN,NaN,NaN,NaN,NaN,NaN,,NaN,,603,5,3,m,yes,no,yes,no,2023-08-26_16h58.08.791,all_task_Ver_0825,2023.1.3,59.6935096417961
positive,positive,1,l,j,1,0,1,0,0,0,0,0,NaN,NaN,NaN,NaN,NaN,NaN,NaN,NaN,NaN,NaN,NaN,NaN,0,7,7,2,NaN,NaN,NaN,NaN,NaN,NaN,NaN,NaN,NaN,NaN,NaN,NaN,NaN,NaN,NaN,NaN,NaN,NaN,NaN,,NaN,,NaN,NaN,,NaN,,,NaN,,NaN,NaN,NaN,NaN,,NaN,NaN,NaN,,,NaN,NaN,NaN,NaN,NaN,NaN,,,NaN,NaN,NaN,NaN,NaN,NaN,NaN,NaN,NaN,NaN,NaN,,NaN,,NaN,NaN,NaN,,NaN,,NaN,NaN,NaN,NaN,NaN,NaN,,NaN,NaN,NaN,NaN,NaN,NaN,NaN,NaN,,NaN,,603,5,3,m,yes,no,yes,no,2023-08-26_16h58.08.791,all_task_Ver_0825,2023.1.3,59.6935096417961
negative,positive,2,j,l,1,0,1,0,0,0,0,0,NaN,NaN,NaN,NaN,NaN,NaN,NaN,NaN,NaN,NaN,NaN,NaN,0,8,8,15,0,0,0,0,NaN,NaN,NaN,NaN,NaN,NaN,NaN,NaN,NaN,NaN,NaN,NaN,NaN,NaN,NaN,,NaN,,NaN,NaN,,NaN,,,NaN,,NaN,NaN,NaN,NaN,prac,1,1,2,positive,negative,219.994836899976,219.994836899976,219.994836899976,219.994836899976,220.979487999983,220.995850099978,l,l,1,2.85660759999882,223.844623399986,223.844623399986,223.844623399986,224.845998899982,224.845998899982,224.845998899982,224.845998899982,224.845998899982,224.845998899982,space,0.709735400014324,None,NaN,NaN,NaN,,NaN,,NaN,NaN,NaN,NaN,NaN,NaN,,NaN,NaN,NaN,NaN,NaN,NaN,NaN,NaN,,NaN,,603,5,3,m,yes,no,yes,no,2023-08-26_16h58.08.791,all_task_Ver_0825,2023.1.3,59.6935096417961
negative,positive,2,j,l,1,0,1,0,0,0,0,0,NaN,NaN,NaN,NaN,NaN,NaN,NaN,NaN,NaN,NaN,NaN,NaN,0,8,8,15,NaN,NaN,NaN,NaN,NaN,NaN,NaN,NaN,NaN,NaN,NaN,NaN,NaN,NaN,NaN,NaN,NaN,NaN,NaN,,NaN,,NaN,NaN,,NaN,,,NaN,,NaN,NaN,NaN,NaN,,NaN,NaN,NaN,,,NaN,NaN,NaN,NaN,NaN,NaN,,,NaN,NaN,NaN,NaN,NaN,NaN,NaN,NaN,NaN,NaN,NaN,,NaN,,NaN,NaN,NaN,,NaN,,NaN,NaN,NaN,NaN,NaN,NaN,,NaN,NaN,NaN,NaN,NaN,NaN,NaN,NaN,,NaN,,603,5,3,m,yes,no,yes,no,2023-08-26_16h58.08.791,all_task_Ver_0825,2023.1.3,59.6935096417961
neutral,positive,2,k,k,1,0,1,0,0,0,0,0,NaN,NaN,NaN,NaN,NaN,NaN,NaN,NaN,NaN,NaN,NaN,NaN,0,9,9,13,0,0,0,0,NaN,NaN,NaN,NaN,NaN,NaN,NaN,NaN,NaN,NaN,NaN,NaN,NaN,NaN,NaN,,NaN,,NaN,NaN,,NaN,,,NaN,,NaN,NaN,NaN,NaN,prac,1,1,2,positive,neutral,225.594572499976,225.594572499976,225.594572499976,225.594572499976,226.578386399982,226.596484699985,k,k,1,2.19186679998529,228.780403099983,228.780403099983,228.780403099983,229.795987499994,229.795987499994,229.795987499994,229.795987499994,229.795987499994,229.795987499994,space,1.24735479999799,None,NaN,NaN,NaN,,NaN,,NaN,NaN,NaN,NaN,NaN,NaN,,NaN,NaN,NaN,NaN,NaN,NaN,NaN,NaN,,NaN,,603,5,3,m,yes,no,yes,no,2023-08-26_16h58.08.791,all_task_Ver_0825,2023.1.3,59.6935096417961
neutral,positive,2,k,k,1,0,1,0,0,0,0,0,NaN,NaN,NaN,NaN,NaN,NaN,NaN,NaN,NaN,NaN,NaN,NaN,0,9,9,13,NaN,NaN,NaN,NaN,NaN,NaN,NaN,NaN,NaN,NaN,NaN,NaN,NaN,NaN,NaN,NaN,NaN,NaN,NaN,,NaN,,NaN,NaN,,NaN,,,NaN,,NaN,NaN,NaN,NaN,,NaN,NaN,NaN,,,NaN,NaN,NaN,NaN,NaN,NaN,,,NaN,NaN,NaN,NaN,NaN,NaN,NaN,NaN,NaN,NaN,NaN,,NaN,,NaN,NaN,NaN,,NaN,,NaN,NaN,NaN,NaN,NaN,NaN,,NaN,NaN,NaN,NaN,NaN,NaN,NaN,NaN,,NaN,,603,5,3,m,yes,no,yes,no,2023-08-26_16h58.08.791,all_task_Ver_0825,2023.1.3,59.6935096417961
positive,positive,2,l,j,1,0,1,0,0,0,0,0,NaN,NaN,NaN,NaN,NaN,NaN,NaN,NaN,NaN,NaN,NaN,NaN,0,10,10,11,0,0,0,0,NaN,NaN,NaN,NaN,NaN,NaN,NaN,NaN,NaN,NaN,NaN,NaN,NaN,NaN,NaN,,NaN,,NaN,NaN,,NaN,,,NaN,,NaN,NaN,NaN,NaN,prac,2,2,2,positive,positive,231.078159199998,231.078159199998,231.078159199998,231.078159199998,232.063585399999,232.094853999995,j,j,1,2.25339339999482,234.312134799984,234.312134799984,234.312134799984,235.313349399978,235.313349399978,235.313349399978,235.313349399978,235.313349399978,235.313349399978,space,0.322180099989055,None,NaN,NaN,NaN,,NaN,,NaN,NaN,NaN,NaN,NaN,NaN,,NaN,NaN,NaN,NaN,NaN,NaN,NaN,NaN,,NaN,,603,5,3,m,yes,no,yes,no,2023-08-26_16h58.08.791,all_task_Ver_0825,2023.1.3,59.6935096417961
positive,positive,2,l,j,1,0,1,0,0,0,0,0,NaN,NaN,NaN,NaN,NaN,NaN,NaN,NaN,NaN,NaN,NaN,NaN,0,10,10,11,NaN,NaN,NaN,NaN,NaN,NaN,NaN,NaN,NaN,NaN,NaN,NaN,NaN,NaN,NaN,NaN,NaN,NaN,NaN,,NaN,,NaN,NaN,,NaN,,,NaN,,NaN,NaN,NaN,NaN,,NaN,NaN,NaN,,,NaN,NaN,NaN,NaN,NaN,NaN,,,NaN,NaN,NaN,NaN,NaN,NaN,NaN,NaN,NaN,NaN,NaN,,NaN,,NaN,NaN,NaN,,NaN,,NaN,NaN,NaN,NaN,NaN,NaN,,NaN,NaN,NaN,NaN,NaN,NaN,NaN,NaN,,NaN,,603,5,3,m,yes,no,yes,no,2023-08-26_16h58.08.791,all_task_Ver_0825,2023.1.3,59.6935096417961
positive,neutral,1,l,j,1,0,1,0,0,0,0,0,NaN,NaN,NaN,NaN,NaN,NaN,NaN,NaN,NaN,NaN,NaN,NaN,0,11,11,8,0,0,0,0,NaN,NaN,NaN,NaN,NaN,NaN,NaN,NaN,NaN,NaN,NaN,NaN,NaN,NaN,NaN,,NaN,,NaN,NaN,,NaN,,,NaN,,NaN,NaN,NaN,NaN,prac,2,2,1,neutral,positive,235.678711699991,235.678711699991,235.678711699991,235.678711699991,236.678714299982,236.712527399999,j,j,1,3.27388870000141,239.948011300003,239.948011300003,239.948011300003,240.963403499976,240.963403499976,240.963403499976,240.963403499976,240.963403499976,240.963403499976,space,9.48729509999976,None,NaN,NaN,NaN,,NaN,,NaN,NaN,NaN,NaN,NaN,NaN,,NaN,NaN,NaN,NaN,NaN,NaN,NaN,NaN,,NaN,,603,5,3,m,yes,no,yes,no,2023-08-26_16h58.08.791,all_task_Ver_0825,2023.1.3,59.6935096417961
positive,neutral,1,l,j,1,0,1,0,0,0,0,0,NaN,NaN,NaN,NaN,NaN,NaN,NaN,NaN,NaN,NaN,NaN,NaN,0,11,11,8,NaN,NaN,NaN,NaN,NaN,NaN,NaN,NaN,NaN,NaN,NaN,NaN,NaN,NaN,NaN,NaN,NaN,NaN,NaN,,NaN,,NaN,NaN,,NaN,,,NaN,,NaN,NaN,NaN,NaN,,NaN,NaN,NaN,,,NaN,NaN,NaN,NaN,NaN,NaN,,,NaN,NaN,NaN,NaN,NaN,NaN,NaN,NaN,NaN,NaN,NaN,,NaN,,NaN,NaN,NaN,,NaN,,NaN,NaN,NaN,NaN,NaN,NaN,,NaN,NaN,NaN,NaN,NaN,NaN,NaN,NaN,,NaN,,603,5,3,m,yes,no,yes,no,2023-08-26_16h58.08.791,all_task_Ver_0825,2023.1.3,59.6935096417961
positive,negative,2,l,j,1,0,1,0,0,0,0,0,NaN,NaN,NaN,NaN,NaN,NaN,NaN,NaN,NaN,NaN,NaN,NaN,0,12,12,14,0,0,0,0,NaN,NaN,NaN,NaN,NaN,NaN,NaN,NaN,NaN,NaN,NaN,NaN,NaN,NaN,NaN,,NaN,,NaN,NaN,,NaN,,,NaN,,NaN,NaN,NaN,NaN,prac,1,1,2,negative,positive,250.496605699998,250.496605699998,250.496605699998,250.496605699998,251.48077189998,251.49761619998,j,j,1,4.38562849999289,255.862497399998,255.862497399998,255.862497399998,256.863947899983,256.863947899983,256.863947899983,256.863947899983,256.863947899983,256.863947899983,space,2.78782860000501,None,NaN,NaN,NaN,,NaN,,NaN,NaN,NaN,NaN,NaN,NaN,,NaN,NaN,NaN,NaN,NaN,NaN,NaN,NaN,,NaN,,603,5,3,m,yes,no,yes,no,2023-08-26_16h58.08.791,all_task_Ver_0825,2023.1.3,59.6935096417961
positive,negative,2,l,j,1,0,1,0,0,0,0,0,NaN,NaN,NaN,NaN,NaN,NaN,NaN,NaN,NaN,NaN,NaN,NaN,0,12,12,14,NaN,NaN,NaN,NaN,NaN,NaN,NaN,NaN,NaN,NaN,NaN,NaN,NaN,NaN,NaN,NaN,NaN,NaN,NaN,,NaN,,NaN,NaN,,NaN,,,NaN,,NaN,NaN,NaN,NaN,,NaN,NaN,NaN,,,NaN,NaN,NaN,NaN,NaN,NaN,,,NaN,NaN,NaN,NaN,NaN,NaN,NaN,NaN,NaN,NaN,NaN,,NaN,,NaN,NaN,NaN,,NaN,,NaN,NaN,NaN,NaN,NaN,NaN,,NaN,NaN,NaN,NaN,NaN,NaN,NaN,NaN,,NaN,,603,5,3,m,yes,no,yes,no,2023-08-26_16h58.08.791,all_task_Ver_0825,2023.1.3,59.6935096417961
neutral,negative,2,k,k,1,0,1,0,0,0,0,0,NaN,NaN,NaN,NaN,NaN,NaN,NaN,NaN,NaN,NaN,NaN,NaN,0,13,13,16,0,0,0,0,NaN,NaN,NaN,NaN,NaN,NaN,NaN,NaN,NaN,NaN,NaN,NaN,NaN,NaN,NaN,,NaN,,NaN,NaN,,NaN,,,NaN,,NaN,NaN,NaN,NaN,prac,1,1,2,negative,neutral,259.696170099982,259.696170099982,259.696170099982,259.696170099982,260.697392399976,260.730162599997,k,k,1,2.07287019997602,262.765009199997,262.765009199997,262.765009199997,263.765009700001,263.765009700001,263.765009700001,263.765009700001,263.765009700001,263.765009700001,space,1.67810570000438,None,NaN,NaN,NaN,,NaN,,NaN,NaN,NaN,NaN,NaN,NaN,,NaN,NaN,NaN,NaN,NaN,NaN,NaN,NaN,,NaN,,603,5,3,m,yes,no,yes,no,2023-08-26_16h58.08.791,all_task_Ver_0825,2023.1.3,59.6935096417961
neutral,negative,2,k,k,1,0,1,0,0,0,0,0,NaN,NaN,NaN,NaN,NaN,NaN,NaN,NaN,NaN,NaN,NaN,NaN,0,13,13,16,NaN,NaN,NaN,NaN,NaN,NaN,NaN,NaN,NaN,NaN,NaN,NaN,NaN,NaN,NaN,NaN,NaN,NaN,NaN,,NaN,,NaN,NaN,,NaN,,,NaN,,NaN,NaN,NaN,NaN,,NaN,NaN,NaN,,,NaN,NaN,NaN,NaN,NaN,NaN,,,NaN,NaN,NaN,NaN,NaN,NaN,NaN,NaN,NaN,NaN,NaN,,NaN,,NaN,NaN,NaN,,NaN,,NaN,NaN,NaN,NaN,NaN,NaN,,NaN,NaN,NaN,NaN,NaN,NaN,NaN,NaN,,NaN,,603,5,3,m,yes,no,yes,no,2023-08-26_16h58.08.791,all_task_Ver_0825,2023.1.3,59.6935096417961
neutral,negative,1,k,k,1,0,1,0,0,0,0,0,NaN,NaN,NaN,NaN,NaN,NaN,NaN,NaN,NaN,NaN,NaN,NaN,0,14,14,7,NaN,NaN,NaN,NaN,NaN,NaN,NaN,NaN,NaN,NaN,NaN,NaN,NaN,NaN,NaN,NaN,NaN,NaN,NaN,,NaN,,NaN,NaN,,NaN,,,NaN,,NaN,NaN,NaN,NaN,prac,2,2,1,negative,neutral,265.480051999999,265.480051999999,265.480051999999,265.480051999999,266.465407099982,266.496893099975,k,k,1,1.84166289999848,268.315519299998,268.315519299998,268.315519299998,268.315519299998,268.315519299998,268.315519299998,NaN,NaN,NaN,,NaN,,NaN,NaN,NaN,,NaN,,NaN,NaN,NaN,NaN,NaN,NaN,,NaN,NaN,NaN,NaN,NaN,NaN,NaN,NaN,,NaN,,603,5,3,m,yes,no,yes,no,2023-08-26_16h58.08.791,all_task_Ver_0825,2023.1.3,59.6935096417961
positive,neutral,2,l,j,1,0,1,0,0,0,0,0,NaN,NaN,NaN,NaN,NaN,NaN,NaN,NaN,NaN,NaN,NaN,NaN,0,15,15,17,0,0,0,0,NaN,NaN,NaN,NaN,NaN,NaN,NaN,NaN,NaN,NaN,NaN,NaN,NaN,NaN,NaN,,NaN,,NaN,NaN,,NaN,,,NaN,,NaN,NaN,NaN,NaN,prac,1,1,2,neutral,positive,268.315519299998,268.315519299998,268.315519299998,268.315519299998,269.298765099986,269.315214000002,j,j,1,3.96196080002119,273.281762599974,273.281762599974,273.281762599974,274.282174599997,274.282174599997,274.282174599997,274.282174599997,274.282174599997,274.282174599997,space,1.65683039999567,None,NaN,NaN,NaN,,NaN,,NaN,NaN,NaN,NaN,NaN,NaN,,NaN,NaN,NaN,NaN,NaN,NaN,NaN,NaN,,NaN,,603,5,3,m,yes,no,yes,no,2023-08-26_16h58.08.791,all_task_Ver_0825,2023.1.3,59.6935096417961
positive,neutral,2,l,j,1,0,1,0,0,0,0,0,NaN,NaN,NaN,NaN,NaN,NaN,NaN,NaN,NaN,NaN,NaN,NaN,0,15,15,17,NaN,NaN,NaN,NaN,NaN,NaN,NaN,NaN,NaN,NaN,NaN,NaN,NaN,NaN,NaN,NaN,NaN,NaN,NaN,,NaN,,NaN,NaN,,NaN,,,NaN,,NaN,NaN,NaN,NaN,,NaN,NaN,NaN,,,NaN,NaN,NaN,NaN,NaN,NaN,,,NaN,NaN,NaN,NaN,NaN,NaN,NaN,NaN,NaN,NaN,NaN,,NaN,,NaN,NaN,NaN,,NaN,,NaN,NaN,NaN,NaN,NaN,NaN,,NaN,NaN,NaN,NaN,NaN,NaN,NaN,NaN,,NaN,,603,5,3,m,yes,no,yes,no,2023-08-26_16h58.08.791,all_task_Ver_0825,2023.1.3,59.6935096417961
negative,negative,2,j,l,1,0,1,0,0,0,0,0,NaN,NaN,NaN,NaN,NaN,NaN,NaN,NaN,NaN,NaN,NaN,NaN,0,16,16,9,0,0,0,0,NaN,NaN,NaN,NaN,NaN,NaN,NaN,NaN,NaN,NaN,NaN,NaN,NaN,NaN,NaN,,NaN,,NaN,NaN,,NaN,,,NaN,,NaN,NaN,NaN,NaN,prac,2,2,2,negative,negative,275.980871199979,275.980871199979,275.980871199979,275.980871199979,276.965659899986,276.982361199975,l,l,1,5.04417290000129,282.016197199991,282.016197199991,282.016197199991,283.015826799994,283.015826799994,283.015826799994,283.015826799994,283.015826799994,283.015826799994,space,1.90012909998768,None,NaN,NaN,NaN,,NaN,,NaN,NaN,NaN,NaN,NaN,NaN,,NaN,NaN,NaN,NaN,NaN,NaN,NaN,NaN,,NaN,,603,5,3,m,yes,no,yes,no,2023-08-26_16h58.08.791,all_task_Ver_0825,2023.1.3,59.6935096417961
negative,negative,2,j,l,1,0,1,0,0,0,0,0,NaN,NaN,NaN,NaN,NaN,NaN,NaN,NaN,NaN,NaN,NaN,NaN,0,16,16,9,NaN,NaN,NaN,NaN,NaN,NaN,NaN,NaN,NaN,NaN,NaN,NaN,NaN,NaN,NaN,NaN,NaN,NaN,NaN,,NaN,,NaN,NaN,,NaN,,,NaN,,NaN,NaN,NaN,NaN,,NaN,NaN,NaN,,,NaN,NaN,NaN,NaN,NaN,NaN,,,NaN,NaN,NaN,NaN,NaN,NaN,NaN,NaN,NaN,NaN,NaN,,NaN,,NaN,NaN,NaN,,NaN,,NaN,NaN,NaN,NaN,NaN,NaN,,NaN,NaN,NaN,NaN,NaN,NaN,NaN,NaN,,NaN,,603,5,3,m,yes,no,yes,no,2023-08-26_16h58.08.791,all_task_Ver_0825,2023.1.3,59.6935096417961
neutral,neutral,2,k,k,1,0,1,0,0,0,0,0,NaN,NaN,NaN,NaN,NaN,NaN,NaN,NaN,NaN,NaN,NaN,NaN,0,17,17,10,NaN,NaN,NaN,NaN,NaN,NaN,NaN,NaN,NaN,NaN,NaN,NaN,NaN,NaN,NaN,NaN,NaN,NaN,NaN,,NaN,,NaN,NaN,,NaN,,,NaN,,NaN,NaN,NaN,NaN,prac,2,2,2,neutral,neutral,284.947969599976,284.947969599976,284.947969599976,284.947969599976,285.9330242,285.949235299981,k,k,1,1.95588749999297,287.902758399985,287.902758399985,287.902758399985,287.902758399985,287.902758399985,287.902758399985,NaN,NaN,NaN,,NaN,,NaN,NaN,NaN,,NaN,,NaN,NaN,NaN,NaN,NaN,NaN,,NaN,NaN,NaN,NaN,NaN,NaN,NaN,NaN,,NaN,,603,5,3,m,yes,no,yes,no,2023-08-26_16h58.08.791,all_task_Ver_0825,2023.1.3,59.6935096417961
positive,neutral,1,l,j,1,0,1,0,0,0,0,0,NaN,NaN,NaN,NaN,NaN,NaN,NaN,NaN,NaN,NaN,NaN,NaN,NaN,NaN,NaN,NaN,NaN,NaN,NaN,NaN,0,0,0,0,0,0,0,8,NaN,NaN,NaN,NaN,NaN,NaN,NaN,,NaN,,NaN,NaN,,NaN,,,NaN,,NaN,NaN,NaN,315.234577999974,main,2,2,1,neutral,positive,317.266719099978,317.266719099978,317.266719099978,317.266719099978,318.23460689999,318.267662899976,j,j,1,18.0473717999994,NaN,NaN,NaN,NaN,NaN,NaN,NaN,NaN,NaN,,NaN,,287.902758399985,0.000498999987030402,287.902758399985,space,27.3078793000022,None,0.674074074074074,-0.288888888888889,0,0,0,317.266719099978,flanker,336.305453899986,336.305453899986,336.305453899986,337.334155899996,337.334155899996,337.334155899996,NaN,NaN,,NaN,,603,5,3,m,yes,no,yes,no,2023-08-26_16h58.08.791,all_task_Ver_0825,2023.1.3,59.6935096417961
negative,positive,2,j,l,1,0,1,0,0,0,0,0,NaN,NaN,NaN,NaN,NaN,NaN,NaN,NaN,NaN,NaN,NaN,NaN,NaN,NaN,NaN,NaN,NaN,NaN,NaN,NaN,0,0,0,0,0,1,1,15,NaN,NaN,NaN,NaN,NaN,NaN,NaN,,NaN,,NaN,NaN,,NaN,,,NaN,,NaN,NaN,NaN,NaN,main,2,2,2,positive,negative,337.334155899996,337.334155899996,337.334155899996,337.334155899996,338.302160899999,338.335431399988,l,l,1,2.77800029999344,NaN,NaN,NaN,NaN,NaN,NaN,NaN,NaN,NaN,,NaN,,NaN,NaN,NaN,,NaN,,NaN,NaN,NaN,NaN,NaN,NaN,flanker,341.102698999981,341.102698999981,341.102698999981,342.118210399989,342.118210399989,342.118210399989,NaN,NaN,,NaN,,603,5,3,m,yes,no,yes,no,2023-08-26_16h58.08.791,all_task_Ver_0825,2023.1.3,59.6935096417961
negative,neutral,2,j,l,1,0,1,0,0,0,0,0,NaN,NaN,NaN,NaN,NaN,NaN,NaN,NaN,NaN,NaN,NaN,NaN,NaN,NaN,NaN,NaN,NaN,NaN,NaN,NaN,0,0,0,0,0,2,2,12,NaN,NaN,NaN,NaN,NaN,NaN,NaN,,NaN,,NaN,NaN,,NaN,,,NaN,,NaN,NaN,NaN,NaN,main,2,2,2,neutral,negative,342.118210399989,342.118210399989,342.118210399989,342.118210399989,343.118267199985,343.135830599989,l,l,1,1.79319999998552,NaN,NaN,NaN,NaN,NaN,NaN,NaN,NaN,NaN,,NaN,,NaN,NaN,NaN,,NaN,,NaN,NaN,NaN,NaN,NaN,NaN,flanker,344.902812099986,344.902812099986,344.902812099986,344.902812099986,344.902812099986,344.902812099986,NaN,NaN,,NaN,,603,5,3,m,yes,no,yes,no,2023-08-26_16h58.08.791,all_task_Ver_0825,2023.1.3,59.6935096417961
negative,negative,1,j,l,1,0,1,0,0,0,0,0,NaN,NaN,NaN,NaN,NaN,NaN,NaN,NaN,NaN,NaN,NaN,NaN,NaN,NaN,NaN,NaN,NaN,NaN,NaN,NaN,0,0,0,0,0,3,3,0,NaN,NaN,NaN,NaN,NaN,NaN,NaN,,NaN,,NaN,NaN,,NaN,,,NaN,,NaN,NaN,NaN,NaN,main,1,1,1,negative,negative,344.902812099986,344.902812099986,344.902812099986,344.902812099986,345.885911399993,345.902619399974,l,l,1,2.0458599999838,NaN,NaN,NaN,NaN,NaN,NaN,NaN,NaN,NaN,,NaN,,NaN,NaN,NaN,,NaN,,NaN,NaN,NaN,NaN,NaN,NaN,flanker,347.95262679999,347.95262679999,347.95262679999,348.968030999997,348.968030999997,348.968030999997,NaN,NaN,,NaN,,603,5,3,m,yes,no,yes,no,2023-08-26_16h58.08.791,all_task_Ver_0825,2023.1.3,59.6935096417961
negative,negative,2,j,l,1,0,1,0,0,0,0,0,NaN,NaN,NaN,NaN,NaN,NaN,NaN,NaN,NaN,NaN,NaN,NaN,NaN,NaN,NaN,NaN,NaN,NaN,NaN,NaN,0,0,0,0,0,4,4,9,NaN,NaN,NaN,NaN,NaN,NaN,NaN,,NaN,,NaN,NaN,,NaN,,,NaN,,NaN,NaN,NaN,NaN,main,1,1,2,negative,negative,348.968030999997,348.968030999997,348.968030999997,348.968030999997,349.967908199993,349.986286300002,l,l,1,1.32900319999317,NaN,NaN,NaN,NaN,NaN,NaN,NaN,NaN,NaN,,NaN,,NaN,NaN,NaN,,NaN,,NaN,NaN,NaN,NaN,NaN,NaN,flanker,351.302739099978,351.302739099978,351.302739099978,351.302739099978,351.302739099978,351.302739099978,NaN,NaN,,NaN,,603,5,3,m,yes,no,yes,no,2023-08-26_16h58.08.791,all_task_Ver_0825,2023.1.3,59.6935096417961
neutral,neutral,2,k,k,1,0,1,0,0,0,0,0,NaN,NaN,NaN,NaN,NaN,NaN,NaN,NaN,NaN,NaN,NaN,NaN,NaN,NaN,NaN,NaN,NaN,NaN,NaN,NaN,0,0,0,0,0,5,5,10,NaN,NaN,NaN,NaN,NaN,NaN,NaN,,NaN,,NaN,NaN,,NaN,,,NaN,,NaN,NaN,NaN,NaN,main,2,2,2,neutral,neutral,351.302739099978,351.302739099978,351.302739099978,351.302739099978,352.269765399978,352.302923299983,k,k,1,2.26094659999944,NaN,NaN,NaN,NaN,NaN,NaN,NaN,NaN,NaN,,NaN,,NaN,NaN,NaN,,NaN,,NaN,NaN,NaN,NaN,NaN,NaN,flanker,354.552517999982,354.552517999982,354.552517999982,355.568383999984,355.568383999984,355.568383999984,NaN,NaN,,NaN,,603,5,3,m,yes,no,yes,no,2023-08-26_16h58.08.791,all_task_Ver_0825,2023.1.3,59.6935096417961
neutral,negative,1,k,k,1,0,1,0,0,0,0,0,NaN,NaN,NaN,NaN,NaN,NaN,NaN,NaN,NaN,NaN,NaN,NaN,NaN,NaN,NaN,NaN,NaN,NaN,NaN,NaN,0,0,0,0,0,6,6,7,NaN,NaN,NaN,NaN,NaN,NaN,NaN,,NaN,,NaN,NaN,,NaN,,,NaN,,NaN,NaN,NaN,NaN,main,1,1,1,negative,neutral,355.568383999984,355.568383999984,355.568383999984,355.568383999984,356.568157899979,356.586548299994,k,k,1,2.64005159999942,NaN,NaN,NaN,NaN,NaN,NaN,NaN,NaN,NaN,,NaN,,NaN,NaN,NaN,,NaN,,NaN,NaN,NaN,NaN,NaN,NaN,flanker,359.204346499988,359.204346499988,359.204346499988,360.218706099986,360.218706099986,360.218706099986,NaN,NaN,,NaN,,603,5,3,m,yes,no,yes,no,2023-08-26_16h58.08.791,all_task_Ver_0825,2023.1.3,59.6935096417961
negative,neutral,1,j,l,1,0,1,0,0,0,0,0,NaN,NaN,NaN,NaN,NaN,NaN,NaN,NaN,NaN,NaN,NaN,NaN,NaN,NaN,NaN,NaN,NaN,NaN,NaN,NaN,0,0,0,0,0,7,7,3,NaN,NaN,NaN,NaN,NaN,NaN,NaN,,NaN,,NaN,NaN,,NaN,,,NaN,,NaN,NaN,NaN,NaN,main,2,2,1,neutral,negative,360.218706099986,360.218706099986,360.218706099986,360.218706099986,361.202491899981,361.219385399978,l,l,1,1.95757850000518,NaN,NaN,NaN,NaN,NaN,NaN,NaN,NaN,NaN,,NaN,,NaN,NaN,NaN,,NaN,,NaN,NaN,NaN,NaN,NaN,NaN,flanker,363.170404299977,363.170404299977,363.170404299977,363.170404299977,363.170404299977,363.170404299977,NaN,NaN,,NaN,,603,5,3,m,yes,no,yes,no,2023-08-26_16h58.08.791,all_task_Ver_0825,2023.1.3,59.6935096417961
neutral,positive,1,k,k,1,0,1,0,0,0,0,0,NaN,NaN,NaN,NaN,NaN,NaN,NaN,NaN,NaN,NaN,NaN,NaN,NaN,NaN,NaN,NaN,NaN,NaN,NaN,NaN,0,0,0,0,0,8,8,4,NaN,NaN,NaN,NaN,NaN,NaN,NaN,,NaN,,NaN,NaN,,NaN,,,NaN,,NaN,NaN,NaN,NaN,main,1,1,1,positive,neutral,363.170404299977,363.170404299977,363.170404299977,363.170404299977,364.15367119998,364.170221899985,k,k,1,2.6159953000024,NaN,NaN,NaN,NaN,NaN,NaN,NaN,NaN,NaN,,NaN,,NaN,NaN,NaN,,NaN,,NaN,NaN,NaN,NaN,NaN,NaN,flanker,366.787389499979,366.787389499979,366.787389499979,367.802200999984,367.802200999984,367.802200999984,NaN,NaN,,NaN,,603,5,3,m,yes,no,yes,no,2023-08-26_16h58.08.791,all_task_Ver_0825,2023.1.3,59.6935096417961
positive,positive,2,l,j,1,0,1,0,0,0,0,0,NaN,NaN,NaN,NaN,NaN,NaN,NaN,NaN,NaN,NaN,NaN,NaN,NaN,NaN,NaN,NaN,NaN,NaN,NaN,NaN,0,0,0,0,0,9,9,11,NaN,NaN,NaN,NaN,NaN,NaN,NaN,,NaN,,NaN,NaN,,NaN,,,NaN,,NaN,NaN,NaN,NaN,main,2,2,2,positive,positive,367.802200999984,367.802200999984,367.802200999984,367.802200999984,368.787022199976,368.803996699979,j,j,1,2.35786370001733,NaN,NaN,NaN,NaN,NaN,NaN,NaN,NaN,NaN,,NaN,,NaN,NaN,NaN,,NaN,,NaN,NaN,NaN,NaN,NaN,NaN,flanker,371.154641899979,371.154641899979,371.154641899979,372.16964159999,372.16964159999,372.16964159999,NaN,NaN,,NaN,,603,5,3,m,yes,no,yes,no,2023-08-26_16h58.08.791,all_task_Ver_0825,2023.1.3,59.6935096417961
positive,positive,1,l,j,1,0,1,0,0,0,0,0,NaN,NaN,NaN,NaN,NaN,NaN,NaN,NaN,NaN,NaN,NaN,NaN,NaN,NaN,NaN,NaN,NaN,NaN,NaN,NaN,0,0,0,0,0,10,10,2,NaN,NaN,NaN,NaN,NaN,NaN,NaN,,NaN,,NaN,NaN,,NaN,,,NaN,,NaN,NaN,NaN,NaN,main,1,1,1,positive,positive,372.16964159999,372.16964159999,372.16964159999,372.16964159999,373.154415700003,373.17082509998,j,j,1,1.51199839997571,NaN,NaN,NaN,NaN,NaN,NaN,NaN,NaN,NaN,,NaN,,NaN,NaN,NaN,,NaN,,NaN,NaN,NaN,NaN,NaN,NaN,flanker,374.671023499977,374.671023499977,374.671023499977,374.671023499977,374.671023499977,374.671023499977,NaN,NaN,,NaN,,603,5,3,m,yes,no,yes,no,2023-08-26_16h58.08.791,all_task_Ver_0825,2023.1.3,59.6935096417961
neutral,negative,2,k,k,1,0,1,0,0,0,0,0,NaN,NaN,NaN,NaN,NaN,NaN,NaN,NaN,NaN,NaN,NaN,NaN,NaN,NaN,NaN,NaN,NaN,NaN,NaN,NaN,0,0,0,0,0,11,11,16,NaN,NaN,NaN,NaN,NaN,NaN,NaN,,NaN,,NaN,NaN,,NaN,,,NaN,,NaN,NaN,NaN,NaN,main,1,1,2,negative,neutral,374.671023499977,374.671023499977,374.671023499977,374.671023499977,375.654171699978,375.671057300002,k,k,1,1.49349299998721,NaN,NaN,NaN,NaN,NaN,NaN,NaN,NaN,NaN,,NaN,,NaN,NaN,NaN,,NaN,,NaN,NaN,NaN,NaN,NaN,NaN,flanker,377.168081799988,377.168081799988,377.168081799988,377.168081799988,377.168081799988,377.168081799988,NaN,NaN,,NaN,,603,5,3,m,yes,no,yes,no,2023-08-26_16h58.08.791,all_task_Ver_0825,2023.1.3,59.6935096417961
positive,negative,2,l,j,1,0,1,0,0,0,0,0,NaN,NaN,NaN,NaN,NaN,NaN,NaN,NaN,NaN,NaN,NaN,NaN,NaN,NaN,NaN,NaN,NaN,NaN,NaN,NaN,0,0,0,0,0,12,12,14,NaN,NaN,NaN,NaN,NaN,NaN,NaN,,NaN,,NaN,NaN,,NaN,,,NaN,,NaN,NaN,NaN,NaN,main,2,2,2,negative,positive,377.168081799988,377.168081799988,377.168081799988,377.168081799988,378.186654599995,378.186654599995,j,j,1,2.79723990001366,NaN,NaN,NaN,NaN,NaN,NaN,NaN,NaN,NaN,,NaN,,NaN,NaN,NaN,,NaN,,NaN,NaN,NaN,NaN,NaN,NaN,flanker,380.971915399976,380.971915399976,380.971915399976,382.00295709999,382.00295709999,382.00295709999,NaN,NaN,,NaN,,603,5,3,m,yes,no,yes,no,2023-08-26_16h58.08.791,all_task_Ver_0825,2023.1.3,59.6935096417961
positive,negative,1,l,j,1,0,1,0,0,0,0,0,NaN,NaN,NaN,NaN,NaN,NaN,NaN,NaN,NaN,NaN,NaN,NaN,NaN,NaN,NaN,NaN,NaN,NaN,NaN,NaN,0,0,0,0,0,13,13,5,NaN,NaN,NaN,NaN,NaN,NaN,NaN,,NaN,,NaN,NaN,,NaN,,,NaN,,NaN,NaN,NaN,NaN,main,2,2,1,negative,positive,382.00295709999,382.00295709999,382.00295709999,382.00295709999,382.9711045,383.020111399994,j,j,1,1.72257910002372,NaN,NaN,NaN,NaN,NaN,NaN,NaN,NaN,NaN,,NaN,,NaN,NaN,NaN,,NaN,,NaN,NaN,NaN,NaN,NaN,NaN,flanker,384.721601799974,384.721601799974,384.721601799974,384.721601799974,384.721601799974,384.721601799974,NaN,NaN,,NaN,,603,5,3,m,yes,no,yes,no,2023-08-26_16h58.08.791,all_task_Ver_0825,2023.1.3,59.6935096417961
neutral,neutral,1,k,k,1,0,1,0,0,0,0,0,NaN,NaN,NaN,NaN,NaN,NaN,NaN,NaN,NaN,NaN,NaN,NaN,NaN,NaN,NaN,NaN,NaN,NaN,NaN,NaN,0,0,0,0,0,14,14,1,NaN,NaN,NaN,NaN,NaN,NaN,NaN,,NaN,,NaN,NaN,,NaN,,,NaN,,NaN,NaN,NaN,NaN,main,2,2,1,neutral,neutral,384.721601799974,384.721601799974,384.721601799974,384.721601799974,385.7051049,385.730956199986,k,k,1,1.78285190000315,NaN,NaN,NaN,NaN,NaN,NaN,NaN,NaN,NaN,,NaN,,NaN,NaN,NaN,,NaN,,NaN,NaN,NaN,NaN,NaN,NaN,flanker,387.50522609998,387.50522609998,387.50522609998,387.50522609998,387.50522609998,387.50522609998,NaN,NaN,,NaN,,603,5,3,m,yes,no,yes,no,2023-08-26_16h58.08.791,all_task_Ver_0825,2023.1.3,59.6935096417961
positive,neutral,2,l,j,1,0,1,0,0,0,0,0,NaN,NaN,NaN,NaN,NaN,NaN,NaN,NaN,NaN,NaN,NaN,NaN,NaN,NaN,NaN,NaN,NaN,NaN,NaN,NaN,0,0,0,0,0,15,15,17,NaN,NaN,NaN,NaN,NaN,NaN,NaN,,NaN,,NaN,NaN,,NaN,,,NaN,,NaN,NaN,NaN,NaN,main,2,2,2,neutral,positive,387.50522609998,387.50522609998,387.50522609998,387.50522609998,388.488151600002,388.504876899999,j,j,1,2.49845479999203,NaN,NaN,NaN,NaN,NaN,NaN,NaN,NaN,NaN,,NaN,,NaN,NaN,NaN,,NaN,,NaN,NaN,NaN,NaN,NaN,NaN,flanker,391.005339700001,391.005339700001,391.005339700001,392.020391099999,392.020391099999,392.020391099999,NaN,NaN,,NaN,,603,5,3,m,yes,no,yes,no,2023-08-26_16h58.08.791,all_task_Ver_0825,2023.1.3,59.6935096417961
neutral,positive,2,k,k,1,0,1,0,0,0,0,0,NaN,NaN,NaN,NaN,NaN,NaN,NaN,NaN,NaN,NaN,NaN,NaN,NaN,NaN,NaN,NaN,NaN,NaN,NaN,NaN,0,0,0,0,0,16,16,13,NaN,NaN,NaN,NaN,NaN,NaN,NaN,,NaN,,NaN,NaN,,NaN,,,NaN,,NaN,NaN,NaN,NaN,main,2,2,2,positive,neutral,392.020391099999,392.020391099999,392.020391099999,392.020391099999,393.037369199999,393.037369199999,k,k,1,2.05897230000119,NaN,NaN,NaN,NaN,NaN,NaN,NaN,NaN,NaN,,NaN,,NaN,NaN,NaN,,NaN,,NaN,NaN,NaN,NaN,NaN,NaN,flanker,395.072607399983,395.072607399983,395.072607399983,396.103984799993,396.103984799993,396.103984799993,NaN,NaN,,NaN,,603,5,3,m,yes,no,yes,no,2023-08-26_16h58.08.791,all_task_Ver_0825,2023.1.3,59.6935096417961
negative,positive,1,j,l,1,0,1,0,0,0,0,0,NaN,NaN,NaN,NaN,NaN,NaN,NaN,NaN,NaN,NaN,NaN,NaN,NaN,NaN,NaN,NaN,NaN,NaN,NaN,NaN,0,0,0,0,0,17,17,6,NaN,NaN,NaN,NaN,NaN,NaN,NaN,,NaN,,NaN,NaN,,NaN,,,NaN,,NaN,NaN,NaN,NaN,main,2,2,1,positive,negative,396.103984799993,396.103984799993,396.103984799993,396.103984799993,397.071938799985,397.105214899988,l,l,1,3.64326359998086,NaN,NaN,NaN,NaN,NaN,NaN,NaN,NaN,NaN,,NaN,,NaN,NaN,NaN,,NaN,,NaN,NaN,NaN,NaN,NaN,NaN,flanker,400.739739299985,400.739739299985,400.739739299985,401.7707696,401.7707696,401.7707696,NaN,NaN,,NaN,,603,5,3,m,yes,no,yes,no,2023-08-26_16h58.08.791,all_task_Ver_0825,2023.1.3,59.6935096417961
positive,positive,1,l,j,1,0,1,0,0,0,0,0,NaN,NaN,NaN,NaN,NaN,NaN,NaN,NaN,NaN,NaN,NaN,NaN,NaN,NaN,NaN,NaN,NaN,NaN,NaN,NaN,0,0,0,0,1,0,18,2,NaN,NaN,NaN,NaN,NaN,NaN,NaN,,NaN,,NaN,NaN,,NaN,,,NaN,,NaN,NaN,NaN,NaN,main,2,2,1,positive,positive,401.7707696,401.7707696,401.7707696,401.7707696,402.738978399982,402.772246399982,j,j,1,3.75694670001394,NaN,NaN,NaN,NaN,NaN,NaN,NaN,NaN,NaN,,NaN,,NaN,NaN,NaN,,NaN,,NaN,NaN,NaN,NaN,NaN,NaN,flanker,406.522272599977,406.522272599977,406.522272599977,407.537819199992,407.537819199992,407.537819199992,NaN,NaN,,NaN,,603,5,3,m,yes,no,yes,no,2023-08-26_16h58.08.791,all_task_Ver_0825,2023.1.3,59.6935096417961
negative,neutral,1,j,l,1,0,1,0,0,0,0,0,NaN,NaN,NaN,NaN,NaN,NaN,NaN,NaN,NaN,NaN,NaN,NaN,NaN,NaN,NaN,NaN,NaN,NaN,NaN,NaN,0,0,0,0,1,1,19,3,NaN,NaN,NaN,NaN,NaN,NaN,NaN,,NaN,,NaN,NaN,,NaN,,,NaN,,NaN,NaN,NaN,NaN,main,2,2,1,neutral,negative,407.537819199992,407.537819199992,407.537819199992,407.537819199992,408.52267049998,408.539581399993,l,l,1,1.90875729999971,NaN,NaN,NaN,NaN,NaN,NaN,NaN,NaN,NaN,,NaN,,NaN,NaN,NaN,,NaN,,NaN,NaN,NaN,NaN,NaN,NaN,flanker,410.439651599998,410.439651599998,410.439651599998,410.439651599998,410.439651599998,410.439651599998,NaN,NaN,,NaN,,603,5,3,m,yes,no,yes,no,2023-08-26_16h58.08.791,all_task_Ver_0825,2023.1.3,59.6935096417961
neutral,neutral,2,k,k,1,0,1,0,0,0,0,0,NaN,NaN,NaN,NaN,NaN,NaN,NaN,NaN,NaN,NaN,NaN,NaN,NaN,NaN,NaN,NaN,NaN,NaN,NaN,NaN,0,0,0,0,1,2,20,10,NaN,NaN,NaN,NaN,NaN,NaN,NaN,,NaN,,NaN,NaN,,NaN,,,NaN,,NaN,NaN,NaN,NaN,main,2,2,2,neutral,neutral,410.439651599998,410.439651599998,410.439651599998,410.439651599998,411.422672799992,411.439680899988,k,k,1,2.43220969999675,NaN,NaN,NaN,NaN,NaN,NaN,NaN,NaN,NaN,,NaN,,NaN,NaN,NaN,,NaN,,NaN,NaN,NaN,NaN,NaN,NaN,flanker,413.871203399991,413.871203399991,413.871203399991,414.888027799985,414.888027799985,414.888027799985,NaN,NaN,,NaN,,603,5,3,m,yes,no,yes,no,2023-08-26_16h58.08.791,all_task_Ver_0825,2023.1.3,59.6935096417961
negative,negative,1,j,l,1,0,1,0,0,0,0,0,NaN,NaN,NaN,NaN,NaN,NaN,NaN,NaN,NaN,NaN,NaN,NaN,NaN,NaN,NaN,NaN,NaN,NaN,NaN,NaN,0,0,0,0,1,3,21,0,NaN,NaN,NaN,NaN,NaN,NaN,NaN,,NaN,,NaN,NaN,,NaN,,,NaN,,NaN,NaN,NaN,NaN,main,1,1,1,negative,negative,414.888027799985,414.888027799985,414.888027799985,414.888027799985,415.872979899985,415.889586099976,l,l,1,4.34145839998382,NaN,NaN,NaN,NaN,NaN,NaN,NaN,NaN,NaN,,NaN,,NaN,NaN,NaN,,NaN,,NaN,NaN,NaN,NaN,NaN,NaN,flanker,420.223684899975,420.223684899975,420.223684899975,421.238462599984,421.238462599984,421.238462599984,NaN,NaN,,NaN,,603,5,3,m,yes,no,yes,no,2023-08-26_16h58.08.791,all_task_Ver_0825,2023.1.3,59.6935096417961
neutral,negative,1,k,k,1,0,1,0,0,0,0,0,NaN,NaN,NaN,NaN,NaN,NaN,NaN,NaN,NaN,NaN,NaN,NaN,NaN,NaN,NaN,NaN,NaN,NaN,NaN,NaN,0,0,0,0,1,4,22,7,NaN,NaN,NaN,NaN,NaN,NaN,NaN,,NaN,,NaN,NaN,,NaN,,,NaN,,NaN,NaN,NaN,NaN,main,1,1,1,negative,neutral,421.238462599984,421.238462599984,421.238462599984,421.238462599984,422.20695599998,422.2401121,k,k,1,4.29043160000583,NaN,NaN,NaN,NaN,NaN,NaN,NaN,NaN,NaN,,NaN,,NaN,NaN,NaN,,NaN,,NaN,NaN,NaN,NaN,NaN,NaN,flanker,426.523549199977,426.523549199977,426.523549199977,427.538882099994,427.538882099994,427.538882099994,NaN,NaN,,NaN,,603,5,3,m,yes,no,yes,no,2023-08-26_16h58.08.791,all_task_Ver_0825,2023.1.3,59.6935096417961
positive,negative,1,l,j,1,0,1,0,0,0,0,0,NaN,NaN,NaN,NaN,NaN,NaN,NaN,NaN,NaN,NaN,NaN,NaN,NaN,NaN,NaN,NaN,NaN,NaN,NaN,NaN,0,0,0,0,1,5,23,5,NaN,NaN,NaN,NaN,NaN,NaN,NaN,,NaN,,NaN,NaN,,NaN,,,NaN,,NaN,NaN,NaN,NaN,main,1,1,1,negative,positive,427.538882099994,427.538882099994,427.538882099994,427.538882099994,428.507172399986,428.54039889999,j,j,1,1.87849040000583,NaN,NaN,NaN,NaN,NaN,NaN,NaN,NaN,NaN,,NaN,,NaN,NaN,NaN,,NaN,,NaN,NaN,NaN,NaN,NaN,NaN,flanker,430.424021399987,430.424021399987,430.424021399987,430.424021399987,430.424021399987,430.424021399987,NaN,NaN,,NaN,,603,5,3,m,yes,no,yes,no,2023-08-26_16h58.08.791,all_task_Ver_0825,2023.1.3,59.6935096417961
negative,positive,2,j,l,1,0,1,0,0,0,0,0,NaN,NaN,NaN,NaN,NaN,NaN,NaN,NaN,NaN,NaN,NaN,NaN,NaN,NaN,NaN,NaN,NaN,NaN,NaN,NaN,0,0,0,0,1,6,24,15,NaN,NaN,NaN,NaN,NaN,NaN,NaN,,NaN,,NaN,NaN,,NaN,,,NaN,,NaN,NaN,NaN,NaN,main,2,2,2,positive,negative,430.424021399987,430.424021399987,430.424021399987,430.424021399987,431.390680699988,431.440378999978,l,l,1,2.54207480000332,NaN,NaN,NaN,NaN,NaN,NaN,NaN,NaN,NaN,,NaN,,NaN,NaN,NaN,,NaN,,NaN,NaN,NaN,NaN,NaN,NaN,flanker,433.957625099982,433.957625099982,433.957625099982,434.9731875,434.9731875,434.9731875,NaN,NaN,,NaN,,603,5,3,m,yes,no,yes,no,2023-08-26_16h58.08.791,all_task_Ver_0825,2023.1.3,59.6935096417961
neutral,neutral,1,k,k,1,0,1,0,0,0,0,0,NaN,NaN,NaN,NaN,NaN,NaN,NaN,NaN,NaN,NaN,NaN,NaN,NaN,NaN,NaN,NaN,NaN,NaN,NaN,NaN,0,0,0,0,1,7,25,1,NaN,NaN,NaN,NaN,NaN,NaN,NaN,,NaN,,NaN,NaN,,NaN,,,NaN,,NaN,NaN,NaN,NaN,main,2,2,1,neutral,neutral,434.9731875,434.9731875,434.9731875,434.9731875,435.955828099977,435.971853399999,k,k,1,4.44287359999726,NaN,NaN,NaN,NaN,NaN,NaN,NaN,NaN,NaN,,NaN,,NaN,NaN,NaN,,NaN,,NaN,NaN,NaN,NaN,NaN,NaN,flanker,440.408721999993,440.408721999993,440.408721999993,441.439732500003,441.439732500003,441.439732500003,NaN,NaN,,NaN,,603,5,3,m,yes,no,yes,no,2023-08-26_16h58.08.791,all_task_Ver_0825,2023.1.3,59.6935096417961
negative,negative,2,j,l,1,0,1,0,0,0,0,0,NaN,NaN,NaN,NaN,NaN,NaN,NaN,NaN,NaN,NaN,NaN,NaN,NaN,NaN,NaN,NaN,NaN,NaN,NaN,NaN,0,0,0,0,1,8,26,9,NaN,NaN,NaN,NaN,NaN,NaN,NaN,,NaN,,NaN,NaN,,NaN,,,NaN,,NaN,NaN,NaN,NaN,main,1,1,2,negative,negative,441.439732500003,441.439732500003,441.439732500003,441.439732500003,442.407676999981,442.441004099994,l,l,1,1.77244480000809,NaN,NaN,NaN,NaN,NaN,NaN,NaN,NaN,NaN,,NaN,,NaN,NaN,NaN,,NaN,,NaN,NaN,NaN,NaN,NaN,NaN,flanker,444.208439299982,444.208439299982,444.208439299982,444.208439299982,444.208439299982,444.208439299982,NaN,NaN,,NaN,,603,5,3,m,yes,no,yes,no,2023-08-26_16h58.08.791,all_task_Ver_0825,2023.1.3,59.6935096417961
neutral,negative,2,k,k,1,0,1,0,0,0,0,0,NaN,NaN,NaN,NaN,NaN,NaN,NaN,NaN,NaN,NaN,NaN,NaN,NaN,NaN,NaN,NaN,NaN,NaN,NaN,NaN,0,0,0,0,1,9,27,16,NaN,NaN,NaN,NaN,NaN,NaN,NaN,,NaN,,NaN,NaN,,NaN,,,NaN,,NaN,NaN,NaN,NaN,main,1,1,2,negative,neutral,444.208439299982,444.208439299982,444.208439299982,444.208439299982,445.191120199976,445.207927899988,k,k,1,2.8310988000012,NaN,NaN,NaN,NaN,NaN,NaN,NaN,NaN,NaN,,NaN,,NaN,NaN,NaN,,NaN,,NaN,NaN,NaN,NaN,NaN,NaN,flanker,448.039896100003,448.039896100003,448.039896100003,449.057041499997,449.057041499997,449.057041499997,NaN,NaN,,NaN,,603,5,3,m,yes,no,yes,no,2023-08-26_16h58.08.791,all_task_Ver_0825,2023.1.3,59.6935096417961
negative,neutral,2,j,l,1,0,1,0,0,0,0,0,NaN,NaN,NaN,NaN,NaN,NaN,NaN,NaN,NaN,NaN,NaN,NaN,NaN,NaN,NaN,NaN,NaN,NaN,NaN,NaN,0,0,0,0,1,10,28,12,NaN,NaN,NaN,NaN,NaN,NaN,NaN,,NaN,,NaN,NaN,,NaN,,,NaN,,NaN,NaN,NaN,NaN,main,1,1,2,neutral,negative,449.057041499997,449.057041499997,449.057041499997,449.057041499997,450.024796599988,450.058148299984,l,l,1,2.45661939997808,NaN,NaN,NaN,NaN,NaN,NaN,NaN,NaN,NaN,,NaN,,NaN,NaN,NaN,,NaN,,NaN,NaN,NaN,NaN,NaN,NaN,flanker,452.507480399974,452.507480399974,452.507480399974,453.523924899986,453.523924899986,453.523924899986,NaN,NaN,,NaN,,603,5,3,m,yes,no,yes,no,2023-08-26_16h58.08.791,all_task_Ver_0825,2023.1.3,59.6935096417961
positive,neutral,1,l,j,1,0,1,0,0,0,0,0,NaN,NaN,NaN,NaN,NaN,NaN,NaN,NaN,NaN,NaN,NaN,NaN,NaN,NaN,NaN,NaN,NaN,NaN,NaN,NaN,0,0,0,0,1,11,29,8,NaN,NaN,NaN,NaN,NaN,NaN,NaN,,NaN,,NaN,NaN,,NaN,,,NaN,,NaN,NaN,NaN,NaN,main,2,2,1,neutral,positive,453.523924899986,453.523924899986,453.523924899986,453.523924899986,454.491840099974,454.525141799997,j,j,1,1.6566266999871,NaN,NaN,NaN,NaN,NaN,NaN,NaN,NaN,NaN,,NaN,,NaN,NaN,NaN,,NaN,,NaN,NaN,NaN,NaN,NaN,NaN,flanker,456.174500900001,456.174500900001,456.174500900001,456.174500900001,456.174500900001,456.174500900001,NaN,NaN,,NaN,,603,5,3,m,yes,no,yes,no,2023-08-26_16h58.08.791,all_task_Ver_0825,2023.1.3,59.6935096417961
positive,positive,2,l,j,1,0,1,0,0,0,0,0,NaN,NaN,NaN,NaN,NaN,NaN,NaN,NaN,NaN,NaN,NaN,NaN,NaN,NaN,NaN,NaN,NaN,NaN,NaN,NaN,0,0,0,0,1,12,30,11,NaN,NaN,NaN,NaN,NaN,NaN,NaN,,NaN,,NaN,NaN,,NaN,,,NaN,,NaN,NaN,NaN,NaN,main,1,1,2,positive,positive,456.174500900001,456.174500900001,456.174500900001,456.174500900001,457.158680399996,457.175290099985,j,j,1,1.36799820000306,NaN,NaN,NaN,NaN,NaN,NaN,NaN,NaN,NaN,,NaN,,NaN,NaN,NaN,,NaN,,NaN,NaN,NaN,NaN,NaN,NaN,flanker,458.541431099991,458.541431099991,458.541431099991,458.541431099991,458.541431099991,458.541431099991,NaN,NaN,,NaN,,603,5,3,m,yes,no,yes,no,2023-08-26_16h58.08.791,all_task_Ver_0825,2023.1.3,59.6935096417961
neutral,positive,1,k,k,1,0,1,0,0,0,0,0,NaN,NaN,NaN,NaN,NaN,NaN,NaN,NaN,NaN,NaN,NaN,NaN,NaN,NaN,NaN,NaN,NaN,NaN,NaN,NaN,0,0,0,0,1,13,31,4,NaN,NaN,NaN,NaN,NaN,NaN,NaN,,NaN,,NaN,NaN,,NaN,,,NaN,,NaN,NaN,NaN,NaN,main,2,2,1,positive,neutral,458.541431099991,458.541431099991,458.541431099991,458.541431099991,459.525430299982,459.542198599986,k,k,1,2.66221919999225,NaN,NaN,NaN,NaN,NaN,NaN,NaN,NaN,NaN,,NaN,,NaN,NaN,NaN,,NaN,,NaN,NaN,NaN,NaN,NaN,NaN,flanker,462.208663400001,462.208663400001,462.208663400001,463.224290899991,463.224290899991,463.224290899991,NaN,NaN,,NaN,,603,5,3,m,yes,no,yes,no,2023-08-26_16h58.08.791,all_task_Ver_0825,2023.1.3,59.6935096417961
positive,neutral,2,l,j,1,0,1,0,0,0,0,0,NaN,NaN,NaN,NaN,NaN,NaN,NaN,NaN,NaN,NaN,NaN,NaN,NaN,NaN,NaN,NaN,NaN,NaN,NaN,NaN,0,0,0,0,1,14,32,17,NaN,NaN,NaN,NaN,NaN,NaN,NaN,,NaN,,NaN,NaN,,NaN,,,NaN,,NaN,NaN,NaN,NaN,main,1,1,2,neutral,positive,463.224290899991,463.224290899991,463.224290899991,463.224290899991,464.209152900003,464.225754999992,j,j,1,3.88820990000386,NaN,NaN,NaN,NaN,NaN,NaN,NaN,NaN,NaN,,NaN,,NaN,NaN,NaN,,NaN,,NaN,NaN,NaN,NaN,NaN,NaN,flanker,468.093144399987,468.093144399987,468.093144399987,469.107713199977,469.107713199977,469.107713199977,NaN,NaN,,NaN,,603,5,3,m,yes,no,yes,no,2023-08-26_16h58.08.791,all_task_Ver_0825,2023.1.3,59.6935096417961
negative,positive,1,j,l,1,0,1,0,0,0,0,0,NaN,NaN,NaN,NaN,NaN,NaN,NaN,NaN,NaN,NaN,NaN,NaN,NaN,NaN,NaN,NaN,NaN,NaN,NaN,NaN,0,0,0,0,1,15,33,6,NaN,NaN,NaN,NaN,NaN,NaN,NaN,,NaN,,NaN,NaN,,NaN,,,NaN,,NaN,NaN,NaN,NaN,main,1,1,1,positive,negative,469.107713199977,469.107713199977,469.107713199977,469.107713199977,470.092717299995,470.109338199982,l,l,1,3.19026030000532,NaN,NaN,NaN,NaN,NaN,NaN,NaN,NaN,NaN,,NaN,,NaN,NaN,NaN,,NaN,,NaN,NaN,NaN,NaN,NaN,NaN,flanker,473.293140299997,473.293140299997,473.293140299997,474.307824899995,474.307824899995,474.307824899995,NaN,NaN,,NaN,,603,5,3,m,yes,no,yes,no,2023-08-26_16h58.08.791,all_task_Ver_0825,2023.1.3,59.6935096417961
positive,negative,2,l,j,1,0,1,0,0,0,0,0,NaN,NaN,NaN,NaN,NaN,NaN,NaN,NaN,NaN,NaN,NaN,NaN,NaN,NaN,NaN,NaN,NaN,NaN,NaN,NaN,0,0,0,0,1,16,34,14,NaN,NaN,NaN,NaN,NaN,NaN,NaN,,NaN,,NaN,NaN,,NaN,,,NaN,,NaN,NaN,NaN,NaN,main,2,2,2,negative,positive,474.307824899995,474.307824899995,474.307824899995,474.307824899995,475.276461100002,475.309655199992,j,j,1,3.55476090000593,NaN,NaN,NaN,NaN,NaN,NaN,NaN,NaN,NaN,,NaN,,NaN,NaN,NaN,,NaN,,NaN,NaN,NaN,NaN,NaN,NaN,flanker,478.842040099989,478.842040099989,478.842040099989,479.858614500001,479.858614500001,479.858614500001,NaN,NaN,,NaN,,603,5,3,m,yes,no,yes,no,2023-08-26_16h58.08.791,all_task_Ver_0825,2023.1.3,59.6935096417961
neutral,positive,2,k,k,1,0,1,0,0,0,0,0,NaN,NaN,NaN,NaN,NaN,NaN,NaN,NaN,NaN,NaN,NaN,NaN,NaN,NaN,NaN,NaN,NaN,NaN,NaN,NaN,0,0,0,0,1,17,35,13,NaN,NaN,NaN,NaN,NaN,NaN,NaN,,NaN,,NaN,NaN,,NaN,,,NaN,,NaN,NaN,NaN,NaN,main,1,1,2,positive,neutral,479.858614500001,479.858614500001,479.858614500001,479.858614500001,480.826512200001,480.859695899999,k,k,1,3.25839760000235,NaN,NaN,NaN,NaN,NaN,NaN,NaN,NaN,NaN,,NaN,,NaN,NaN,NaN,,NaN,,NaN,NaN,NaN,NaN,NaN,NaN,flanker,484.109364299977,484.109364299977,484.109364299977,485.125487699988,485.125487699988,485.125487699988,NaN,NaN,,NaN,,603,5,3,m,yes,no,yes,no,2023-08-26_16h58.08.791,all_task_Ver_0825,2023.1.3,59.6935096417961
neutral,neutral,1,k,k,1,0,1,0,0,0,0,0,NaN,NaN,NaN,NaN,NaN,NaN,NaN,NaN,NaN,NaN,NaN,NaN,NaN,NaN,NaN,NaN,NaN,NaN,NaN,NaN,0,0,0,0,2,0,36,1,NaN,NaN,NaN,NaN,NaN,NaN,NaN,,NaN,,NaN,NaN,,NaN,,,NaN,,NaN,NaN,NaN,NaN,main,2,2,1,neutral,neutral,485.125487699988,485.125487699988,485.125487699988,485.125487699988,486.110430999979,486.126785599976,k,k,1,3.05410789998132,NaN,NaN,NaN,NaN,NaN,NaN,NaN,NaN,NaN,,NaN,,NaN,NaN,NaN,,NaN,,NaN,NaN,NaN,NaN,NaN,NaN,flanker,489.157406999992,489.157406999992,489.157406999992,490.174608499976,490.174608499976,490.174608499976,NaN,NaN,,NaN,,603,5,3,m,yes,no,yes,no,2023-08-26_16h58.08.791,all_task_Ver_0825,2023.1.3,59.6935096417961
neutral,negative,2,k,k,1,0,1,0,0,0,0,0,NaN,NaN,NaN,NaN,NaN,NaN,NaN,NaN,NaN,NaN,NaN,NaN,NaN,NaN,NaN,NaN,NaN,NaN,NaN,NaN,0,0,0,0,2,1,37,16,NaN,NaN,NaN,NaN,NaN,NaN,NaN,,NaN,,NaN,NaN,,NaN,,,NaN,,NaN,NaN,NaN,NaN,main,1,1,2,negative,neutral,490.174608499976,490.174608499976,490.174608499976,490.174608499976,491.143732700002,491.177200799983,k,k,1,2.82295490000979,NaN,NaN,NaN,NaN,NaN,NaN,NaN,NaN,NaN,,NaN,,NaN,NaN,NaN,,NaN,,NaN,NaN,NaN,NaN,NaN,NaN,flanker,493.976704899978,493.976704899978,493.976704899978,494.992826599977,494.992826599977,494.992826599977,NaN,NaN,,NaN,,603,5,3,m,yes,no,yes,no,2023-08-26_16h58.08.791,all_task_Ver_0825,2023.1.3,59.6935096417961
negative,neutral,2,j,l,1,0,1,0,0,0,0,0,NaN,NaN,NaN,NaN,NaN,NaN,NaN,NaN,NaN,NaN,NaN,NaN,NaN,NaN,NaN,NaN,NaN,NaN,NaN,NaN,0,0,0,0,2,2,38,12,NaN,NaN,NaN,NaN,NaN,NaN,NaN,,NaN,,NaN,NaN,,NaN,,,NaN,,NaN,NaN,NaN,NaN,main,2,2,2,neutral,negative,494.992826599977,494.992826599977,494.992826599977,494.992826599977,495.977221999987,495.993718299986,l,l,1,2.37166350000189,NaN,NaN,NaN,NaN,NaN,NaN,NaN,NaN,NaN,,NaN,,NaN,NaN,NaN,,NaN,,NaN,NaN,NaN,NaN,NaN,NaN,flanker,498.344192599994,498.344192599994,498.344192599994,499.359576999996,499.359576999996,499.359576999996,NaN,NaN,,NaN,,603,5,3,m,yes,no,yes,no,2023-08-26_16h58.08.791,all_task_Ver_0825,2023.1.3,59.6935096417961
negative,neutral,1,j,l,1,0,1,0,0,0,0,0,NaN,NaN,NaN,NaN,NaN,NaN,NaN,NaN,NaN,NaN,NaN,NaN,NaN,NaN,NaN,NaN,NaN,NaN,NaN,NaN,0,0,0,0,2,3,39,3,NaN,NaN,NaN,NaN,NaN,NaN,NaN,,NaN,,NaN,NaN,,NaN,,,NaN,,NaN,NaN,NaN,NaN,main,1,1,1,neutral,negative,499.359576999996,499.359576999996,499.359576999996,499.359576999996,500.32743949999,500.360655199998,l,l,1,1.77471930001047,NaN,NaN,NaN,NaN,NaN,NaN,NaN,NaN,NaN,,NaN,,NaN,NaN,NaN,,NaN,,NaN,NaN,NaN,NaN,NaN,NaN,flanker,502.125863599998,502.125863599998,502.125863599998,502.125863599998,502.125863599998,502.125863599998,NaN,NaN,,NaN,,603,5,3,m,yes,no,yes,no,2023-08-26_16h58.08.791,all_task_Ver_0825,2023.1.3,59.6935096417961
positive,neutral,2,l,j,1,0,1,0,0,0,0,0,NaN,NaN,NaN,NaN,NaN,NaN,NaN,NaN,NaN,NaN,NaN,NaN,NaN,NaN,NaN,NaN,NaN,NaN,NaN,NaN,0,0,0,0,2,4,40,17,NaN,NaN,NaN,NaN,NaN,NaN,NaN,,NaN,,NaN,NaN,,NaN,,,NaN,,NaN,NaN,NaN,NaN,main,2,2,2,neutral,positive,502.125863599998,502.125863599998,502.125863599998,502.125863599998,503.110950799979,503.127475699992,j,j,1,3.04573420001543,NaN,NaN,NaN,NaN,NaN,NaN,NaN,NaN,NaN,,NaN,,NaN,NaN,NaN,,NaN,,NaN,NaN,NaN,NaN,NaN,NaN,flanker,506.17765279999,506.17765279999,506.17765279999,507.193445899989,507.193445899989,507.193445899989,NaN,NaN,,NaN,,603,5,3,m,yes,no,yes,no,2023-08-26_16h58.08.791,all_task_Ver_0825,2023.1.3,59.6935096417961
positive,negative,2,l,j,1,0,1,0,0,0,0,0,NaN,NaN,NaN,NaN,NaN,NaN,NaN,NaN,NaN,NaN,NaN,NaN,NaN,NaN,NaN,NaN,NaN,NaN,NaN,NaN,0,0,0,0,2,5,41,14,NaN,NaN,NaN,NaN,NaN,NaN,NaN,,NaN,,NaN,NaN,,NaN,,,NaN,,NaN,NaN,NaN,NaN,main,1,1,2,negative,positive,507.193445899989,507.193445899989,507.193445899989,507.193445899989,508.161385099986,508.194549599983,j,j,1,2.43966949998867,NaN,NaN,NaN,NaN,NaN,NaN,NaN,NaN,NaN,,NaN,,NaN,NaN,NaN,,NaN,,NaN,NaN,NaN,NaN,NaN,NaN,flanker,510.627974299976,510.627974299976,510.627974299976,511.643382699986,511.643382699986,511.643382699986,NaN,NaN,,NaN,,603,5,3,m,yes,no,yes,no,2023-08-26_16h58.08.791,all_task_Ver_0825,2023.1.3,59.6935096417961
neutral,positive,1,k,k,1,0,1,0,0,0,0,0,NaN,NaN,NaN,NaN,NaN,NaN,NaN,NaN,NaN,NaN,NaN,NaN,NaN,NaN,NaN,NaN,NaN,NaN,NaN,NaN,0,0,0,0,2,6,42,4,NaN,NaN,NaN,NaN,NaN,NaN,NaN,,NaN,,NaN,NaN,,NaN,,,NaN,,NaN,NaN,NaN,NaN,main,1,1,1,positive,neutral,511.643382699986,511.643382699986,511.643382699986,511.643382699986,512.611425199982,512.644610399992,k,k,1,1.65758540001116,NaN,NaN,NaN,NaN,NaN,NaN,NaN,NaN,NaN,,NaN,,NaN,NaN,NaN,,NaN,,NaN,NaN,NaN,NaN,NaN,NaN,flanker,514.295345999999,514.295345999999,514.295345999999,514.295345999999,514.295345999999,514.295345999999,NaN,NaN,,NaN,,603,5,3,m,yes,no,yes,no,2023-08-26_16h58.08.791,all_task_Ver_0825,2023.1.3,59.6935096417961
negative,positive,2,j,l,1,0,1,0,0,0,0,0,NaN,NaN,NaN,NaN,NaN,NaN,NaN,NaN,NaN,NaN,NaN,NaN,NaN,NaN,NaN,NaN,NaN,NaN,NaN,NaN,0,0,0,0,2,7,43,15,NaN,NaN,NaN,NaN,NaN,NaN,NaN,,NaN,,NaN,NaN,,NaN,,,NaN,,NaN,NaN,NaN,NaN,main,2,2,2,positive,negative,514.295345999999,514.295345999999,514.295345999999,514.295345999999,515.27846489998,515.294912999991,l,l,1,1.69714380000369,NaN,NaN,NaN,NaN,NaN,NaN,NaN,NaN,NaN,,NaN,,NaN,NaN,NaN,,NaN,,NaN,NaN,NaN,NaN,NaN,NaN,flanker,516.995907399978,516.995907399978,516.995907399978,516.995907399978,516.995907399978,516.995907399978,NaN,NaN,,NaN,,603,5,3,m,yes,no,yes,no,2023-08-26_16h58.08.791,all_task_Ver_0825,2023.1.3,59.6935096417961
negative,negative,2,j,l,1,0,1,0,0,0,0,0,NaN,NaN,NaN,NaN,NaN,NaN,NaN,NaN,NaN,NaN,NaN,NaN,NaN,NaN,NaN,NaN,NaN,NaN,NaN,NaN,0,0,0,0,2,8,44,9,NaN,NaN,NaN,NaN,NaN,NaN,NaN,,NaN,,NaN,NaN,,NaN,,,NaN,,NaN,NaN,NaN,NaN,main,2,2,2,negative,negative,516.995907399978,516.995907399978,516.995907399978,516.995907399978,517.978448399983,517.995366899995,l,l,1,1.51606590001029,NaN,NaN,NaN,NaN,NaN,NaN,NaN,NaN,NaN,,NaN,,NaN,NaN,NaN,,NaN,,NaN,NaN,NaN,NaN,NaN,NaN,flanker,519.512260399992,519.512260399992,519.512260399992,519.512260399992,519.512260399992,519.512260399992,NaN,NaN,,NaN,,603,5,3,m,yes,no,yes,no,2023-08-26_16h58.08.791,all_task_Ver_0825,2023.1.3,59.6935096417961
neutral,positive,2,k,k,1,0,1,0,0,0,0,0,NaN,NaN,NaN,NaN,NaN,NaN,NaN,NaN,NaN,NaN,NaN,NaN,NaN,NaN,NaN,NaN,NaN,NaN,NaN,NaN,0,0,0,0,2,9,45,13,NaN,NaN,NaN,NaN,NaN,NaN,NaN,,NaN,,NaN,NaN,,NaN,,,NaN,,NaN,NaN,NaN,NaN,main,2,2,2,positive,neutral,519.512260399992,519.512260399992,519.512260399992,519.512260399992,520.495535299997,520.511933799979,k,k,1,1.44839959999081,NaN,NaN,NaN,NaN,NaN,NaN,NaN,NaN,NaN,,NaN,,NaN,NaN,NaN,,NaN,,NaN,NaN,NaN,NaN,NaN,NaN,flanker,521.961605199991,521.961605199991,521.961605199991,521.961605199991,521.961605199991,521.961605199991,NaN,NaN,,NaN,,603,5,3,m,yes,no,yes,no,2023-08-26_16h58.08.791,all_task_Ver_0825,2023.1.3,59.6935096417961
neutral,negative,1,k,k,1,0,1,0,0,0,0,0,NaN,NaN,NaN,NaN,NaN,NaN,NaN,NaN,NaN,NaN,NaN,NaN,NaN,NaN,NaN,NaN,NaN,NaN,NaN,NaN,0,0,0,0,2,10,46,7,NaN,NaN,NaN,NaN,NaN,NaN,NaN,,NaN,,NaN,NaN,,NaN,,,NaN,,NaN,NaN,NaN,NaN,main,1,1,1,negative,neutral,521.961605199991,521.961605199991,521.961605199991,521.961605199991,522.945528199984,522.962179599999,k,k,1,1.55135029999656,NaN,NaN,NaN,NaN,NaN,NaN,NaN,NaN,NaN,,NaN,,NaN,NaN,NaN,,NaN,,NaN,NaN,NaN,NaN,NaN,NaN,flanker,524.512571899977,524.512571899977,524.512571899977,524.512571899977,524.512571899977,524.512571899977,NaN,NaN,,NaN,,603,5,3,m,yes,no,yes,no,2023-08-26_16h58.08.791,all_task_Ver_0825,2023.1.3,59.6935096417961
neutral,neutral,2,k,k,1,0,1,0,0,0,0,0,NaN,NaN,NaN,NaN,NaN,NaN,NaN,NaN,NaN,NaN,NaN,NaN,NaN,NaN,NaN,NaN,NaN,NaN,NaN,NaN,0,0,0,0,2,11,47,10,NaN,NaN,NaN,NaN,NaN,NaN,NaN,,NaN,,NaN,NaN,,NaN,,,NaN,,NaN,NaN,NaN,NaN,main,2,2,2,neutral,neutral,524.512571899977,524.512571899977,524.512571899977,524.512571899977,525.495413199998,525.512213999988,k,k,1,1.64444929998717,NaN,NaN,NaN,NaN,NaN,NaN,NaN,NaN,NaN,,NaN,,NaN,NaN,NaN,,NaN,,NaN,NaN,NaN,NaN,NaN,NaN,flanker,527.162274299975,527.162274299975,527.162274299975,527.162274299975,527.162274299975,527.162274299975,NaN,NaN,,NaN,,603,5,3,m,yes,no,yes,no,2023-08-26_16h58.08.791,all_task_Ver_0825,2023.1.3,59.6935096417961
positive,positive,1,l,j,1,0,1,0,0,0,0,0,NaN,NaN,NaN,NaN,NaN,NaN,NaN,NaN,NaN,NaN,NaN,NaN,NaN,NaN,NaN,NaN,NaN,NaN,NaN,NaN,0,0,0,0,2,12,48,2,NaN,NaN,NaN,NaN,NaN,NaN,NaN,,NaN,,NaN,NaN,,NaN,,,NaN,,NaN,NaN,NaN,NaN,main,2,2,1,positive,positive,527.162274299975,527.162274299975,527.162274299975,527.162274299975,528.14544719999,528.16241389999,j,j,1,1.52065710001625,NaN,NaN,NaN,NaN,NaN,NaN,NaN,NaN,NaN,,NaN,,NaN,NaN,NaN,,NaN,,NaN,NaN,NaN,NaN,NaN,NaN,flanker,529.679434599995,529.679434599995,529.679434599995,529.679434599995,529.679434599995,529.679434599995,NaN,NaN,,NaN,,603,5,3,m,yes,no,yes,no,2023-08-26_16h58.08.791,all_task_Ver_0825,2023.1.3,59.6935096417961
positive,negative,1,l,j,1,0,1,0,0,0,0,0,NaN,NaN,NaN,NaN,NaN,NaN,NaN,NaN,NaN,NaN,NaN,NaN,NaN,NaN,NaN,NaN,NaN,NaN,NaN,NaN,0,0,0,0,2,13,49,5,NaN,NaN,NaN,NaN,NaN,NaN,NaN,,NaN,,NaN,NaN,,NaN,,,NaN,,NaN,NaN,NaN,NaN,main,1,1,1,negative,positive,529.679434599995,529.679434599995,529.679434599995,529.679434599995,530.662440799992,530.679106600001,j,j,1,3.14486470000702,NaN,NaN,NaN,NaN,NaN,NaN,NaN,NaN,NaN,,NaN,,NaN,NaN,NaN,,NaN,,NaN,NaN,NaN,NaN,NaN,NaN,flanker,533.829214099998,533.829214099998,533.829214099998,534.844538899983,534.844538899983,534.844538899983,NaN,NaN,,NaN,,603,5,3,m,yes,no,yes,no,2023-08-26_16h58.08.791,all_task_Ver_0825,2023.1.3,59.6935096417961
positive,neutral,1,l,j,1,0,1,0,0,0,0,0,NaN,NaN,NaN,NaN,NaN,NaN,NaN,NaN,NaN,NaN,NaN,NaN,NaN,NaN,NaN,NaN,NaN,NaN,NaN,NaN,0,0,0,0,2,14,50,8,NaN,NaN,NaN,NaN,NaN,NaN,NaN,,NaN,,NaN,NaN,,NaN,,,NaN,,NaN,NaN,NaN,NaN,main,1,1,1,neutral,positive,534.844538899983,534.844538899983,534.844538899983,534.844538899983,535.812701799994,535.845988999994,j,j,1,4.32425950001925,NaN,NaN,NaN,NaN,NaN,NaN,NaN,NaN,NaN,,NaN,,NaN,NaN,NaN,,NaN,,NaN,NaN,NaN,NaN,NaN,NaN,flanker,540.162589299987,540.162589299987,540.162589299987,541.178215399996,541.178215399996,541.178215399996,NaN,NaN,,NaN,,603,5,3,m,yes,no,yes,no,2023-08-26_16h58.08.791,all_task_Ver_0825,2023.1.3,59.6935096417961
positive,positive,2,l,j,1,0,1,0,0,0,0,0,NaN,NaN,NaN,NaN,NaN,NaN,NaN,NaN,NaN,NaN,NaN,NaN,NaN,NaN,NaN,NaN,NaN,NaN,NaN,NaN,0,0,0,0,2,15,51,11,NaN,NaN,NaN,NaN,NaN,NaN,NaN,,NaN,,NaN,NaN,,NaN,,,NaN,,NaN,NaN,NaN,NaN,main,1,1,2,positive,positive,541.178215399996,541.178215399996,541.178215399996,541.178215399996,542.146413599985,542.179859999975,j,j,1,3.78984740001033,NaN,NaN,NaN,NaN,NaN,NaN,NaN,NaN,NaN,,NaN,,NaN,NaN,NaN,,NaN,,NaN,NaN,NaN,NaN,NaN,NaN,flanker,545.9634372,545.9634372,545.9634372,546.978445699991,546.978445699991,546.978445699991,NaN,NaN,,NaN,,603,5,3,m,yes,no,yes,no,2023-08-26_16h58.08.791,all_task_Ver_0825,2023.1.3,59.6935096417961
negative,negative,1,j,l,1,0,1,0,0,0,0,0,NaN,NaN,NaN,NaN,NaN,NaN,NaN,NaN,NaN,NaN,NaN,NaN,NaN,NaN,NaN,NaN,NaN,NaN,NaN,NaN,0,0,0,0,2,16,52,0,NaN,NaN,NaN,NaN,NaN,NaN,NaN,,NaN,,NaN,NaN,,NaN,,,NaN,,NaN,NaN,NaN,NaN,main,1,1,1,negative,negative,546.978445699991,546.978445699991,546.978445699991,546.978445699991,547.9784851,548.012021799979,l,l,1,3.57033430002048,NaN,NaN,NaN,NaN,NaN,NaN,NaN,NaN,NaN,,NaN,,NaN,NaN,NaN,,NaN,,NaN,NaN,NaN,NaN,NaN,NaN,flanker,551.529709900002,551.529709900002,551.529709900002,552.545239400002,552.545239400002,552.545239400002,NaN,NaN,,NaN,,603,5,3,m,yes,no,yes,no,2023-08-26_16h58.08.791,all_task_Ver_0825,2023.1.3,59.6935096417961
negative,positive,1,j,l,1,0,1,0,0,0,0,0,NaN,NaN,NaN,NaN,NaN,NaN,NaN,NaN,NaN,NaN,NaN,NaN,NaN,NaN,NaN,NaN,NaN,NaN,NaN,NaN,0,0,0,0,2,17,53,6,NaN,NaN,NaN,NaN,NaN,NaN,NaN,,NaN,,NaN,NaN,,NaN,,,NaN,,NaN,NaN,NaN,NaN,main,2,2,1,positive,negative,552.545239400002,552.545239400002,552.545239400002,552.545239400002,553.546516299975,553.564047099993,l,k,0,3.34188029999495,NaN,NaN,NaN,NaN,NaN,NaN,NaN,NaN,NaN,,NaN,,NaN,NaN,NaN,,NaN,,NaN,NaN,NaN,NaN,NaN,NaN,flanker,556.896901599976,556.896901599976,556.896901599976,557.912408299977,557.912408299977,557.912408299977,NaN,NaN,,NaN,,603,5,3,m,yes,no,yes,no,2023-08-26_16h58.08.791,all_task_Ver_0825,2023.1.3,59.6935096417961
neutral,negative,1,k,k,1,0,1,0,0,0,0,0,NaN,NaN,NaN,NaN,NaN,NaN,NaN,NaN,NaN,NaN,NaN,NaN,NaN,NaN,NaN,NaN,NaN,NaN,NaN,NaN,0,0,0,0,3,0,54,7,NaN,NaN,NaN,NaN,NaN,NaN,NaN,,NaN,,NaN,NaN,,NaN,,,NaN,,NaN,NaN,NaN,NaN,main,2,2,1,negative,neutral,557.912408299977,557.912408299977,557.912408299977,557.912408299977,558.88094219999,558.913908099988,k,k,1,6.04018569999607,NaN,NaN,NaN,NaN,NaN,NaN,NaN,NaN,NaN,,NaN,,NaN,NaN,NaN,,NaN,,NaN,NaN,NaN,NaN,NaN,NaN,flanker,564.947460999974,564.947460999974,564.947460999974,565.963082000002,565.963082000002,565.963082000002,NaN,NaN,,NaN,,603,5,3,m,yes,no,yes,no,2023-08-26_16h58.08.791,all_task_Ver_0825,2023.1.3,59.6935096417961
neutral,negative,2,k,k,1,0,1,0,0,0,0,0,NaN,NaN,NaN,NaN,NaN,NaN,NaN,NaN,NaN,NaN,NaN,NaN,NaN,NaN,NaN,NaN,NaN,NaN,NaN,NaN,0,0,0,0,3,1,55,16,NaN,NaN,NaN,NaN,NaN,NaN,NaN,,NaN,,NaN,NaN,,NaN,,,NaN,,NaN,NaN,NaN,NaN,main,2,2,2,negative,neutral,565.963082000002,565.963082000002,565.963082000002,565.963082000002,566.946539600001,566.979831199977,k,j,0,3.77290370000992,NaN,NaN,NaN,NaN,NaN,NaN,NaN,NaN,NaN,,NaN,,NaN,NaN,NaN,,NaN,,NaN,NaN,NaN,NaN,NaN,NaN,flanker,570.731800799986,570.731800799986,570.731800799986,571.746580799983,571.746580799983,571.746580799983,NaN,NaN,,NaN,,603,5,3,m,yes,no,yes,no,2023-08-26_16h58.08.791,all_task_Ver_0825,2023.1.3,59.6935096417961
positive,neutral,1,l,j,1,0,1,0,0,0,0,0,NaN,NaN,NaN,NaN,NaN,NaN,NaN,NaN,NaN,NaN,NaN,NaN,NaN,NaN,NaN,NaN,NaN,NaN,NaN,NaN,0,0,0,0,3,2,56,8,NaN,NaN,NaN,NaN,NaN,NaN,NaN,,NaN,,NaN,NaN,,NaN,,,NaN,,NaN,NaN,NaN,NaN,main,2,2,1,neutral,positive,571.746580799983,571.746580799983,571.746580799983,571.746580799983,572.714799199981,572.747983599984,j,j,1,5.60772519998136,NaN,NaN,NaN,NaN,NaN,NaN,NaN,NaN,NaN,,NaN,,NaN,NaN,NaN,,NaN,,NaN,NaN,NaN,NaN,NaN,NaN,flanker,578.347216800001,578.347216800001,578.347216800001,579.363661499985,579.363661499985,579.363661499985,NaN,NaN,,NaN,,603,5,3,m,yes,no,yes,no,2023-08-26_16h58.08.791,all_task_Ver_0825,2023.1.3,59.6935096417961
negative,negative,1,j,l,1,0,1,0,0,0,0,0,NaN,NaN,NaN,NaN,NaN,NaN,NaN,NaN,NaN,NaN,NaN,NaN,NaN,NaN,NaN,NaN,NaN,NaN,NaN,NaN,0,0,0,0,3,3,57,0,NaN,NaN,NaN,NaN,NaN,NaN,NaN,,NaN,,NaN,NaN,,NaN,,,NaN,,NaN,NaN,NaN,NaN,main,2,2,1,negative,negative,579.363661499985,579.363661499985,579.363661499985,579.363661499985,580.348431299994,580.364994499978,l,l,1,4.22154570001294,NaN,NaN,NaN,NaN,NaN,NaN,NaN,NaN,NaN,,NaN,,NaN,NaN,NaN,,NaN,,NaN,NaN,NaN,NaN,NaN,NaN,flanker,584.563455800002,584.563455800002,584.563455800002,585.580888899975,585.580888899975,585.580888899975,NaN,NaN,,NaN,,603,5,3,m,yes,no,yes,no,2023-08-26_16h58.08.791,all_task_Ver_0825,2023.1.3,59.6935096417961
negative,positive,2,j,l,1,0,1,0,0,0,0,0,NaN,NaN,NaN,NaN,NaN,NaN,NaN,NaN,NaN,NaN,NaN,NaN,NaN,NaN,NaN,NaN,NaN,NaN,NaN,NaN,0,0,0,0,3,4,58,15,NaN,NaN,NaN,NaN,NaN,NaN,NaN,,NaN,,NaN,NaN,,NaN,,,NaN,,NaN,NaN,NaN,NaN,main,2,2,2,positive,negative,585.580888899975,585.580888899975,585.580888899975,585.580888899975,586.565138999984,586.582024499978,l,l,1,3.39471469999989,NaN,NaN,NaN,NaN,NaN,NaN,NaN,NaN,NaN,,NaN,,NaN,NaN,NaN,,NaN,,NaN,NaN,NaN,NaN,NaN,NaN,flanker,589.966048499977,589.966048499977,589.966048499977,590.981726099999,590.981726099999,590.981726099999,NaN,NaN,,NaN,,603,5,3,m,yes,no,yes,no,2023-08-26_16h58.08.791,all_task_Ver_0825,2023.1.3,59.6935096417961
negative,negative,2,j,l,1,0,1,0,0,0,0,0,NaN,NaN,NaN,NaN,NaN,NaN,NaN,NaN,NaN,NaN,NaN,NaN,NaN,NaN,NaN,NaN,NaN,NaN,NaN,NaN,0,0,0,0,3,5,59,9,NaN,NaN,NaN,NaN,NaN,NaN,NaN,,NaN,,NaN,NaN,,NaN,,,NaN,,NaN,NaN,NaN,NaN,main,2,2,2,negative,negative,590.981726099999,590.981726099999,590.981726099999,590.981726099999,591.965913699998,591.982309999992,l,l,1,8.50770449999254,NaN,NaN,NaN,NaN,NaN,NaN,NaN,NaN,NaN,,NaN,,NaN,NaN,NaN,,NaN,,NaN,NaN,NaN,NaN,NaN,NaN,flanker,600.48204219999,600.48204219999,600.48204219999,601.49813209998,601.49813209998,601.49813209998,NaN,NaN,,NaN,,603,5,3,m,yes,no,yes,no,2023-08-26_16h58.08.791,all_task_Ver_0825,2023.1.3,59.6935096417961
positive,negative,1,l,j,1,0,1,0,0,0,0,0,NaN,NaN,NaN,NaN,NaN,NaN,NaN,NaN,NaN,NaN,NaN,NaN,NaN,NaN,NaN,NaN,NaN,NaN,NaN,NaN,0,0,0,0,3,6,60,5,NaN,NaN,NaN,NaN,NaN,NaN,NaN,,NaN,,NaN,NaN,,NaN,,,NaN,,NaN,NaN,NaN,NaN,main,1,1,1,negative,positive,601.49813209998,601.49813209998,601.49813209998,601.49813209998,602.482775099983,602.49938579998,j,j,1,2.67249029999948,NaN,NaN,NaN,NaN,NaN,NaN,NaN,NaN,NaN,,NaN,,NaN,NaN,NaN,,NaN,,NaN,NaN,NaN,NaN,NaN,NaN,flanker,605.150007799995,605.150007799995,605.150007799995,606.165603899979,606.165603899979,606.165603899979,NaN,NaN,,NaN,,603,5,3,m,yes,no,yes,no,2023-08-26_16h58.08.791,all_task_Ver_0825,2023.1.3,59.6935096417961
neutral,neutral,2,k,k,1,0,1,0,0,0,0,0,NaN,NaN,NaN,NaN,NaN,NaN,NaN,NaN,NaN,NaN,NaN,NaN,NaN,NaN,NaN,NaN,NaN,NaN,NaN,NaN,0,0,0,0,3,7,61,10,NaN,NaN,NaN,NaN,NaN,NaN,NaN,,NaN,,NaN,NaN,,NaN,,,NaN,,NaN,NaN,NaN,NaN,main,2,2,2,neutral,neutral,606.165603899979,606.165603899979,606.165603899979,606.165603899979,607.149995299987,607.166916099988,k,k,1,2.72485729999607,NaN,NaN,NaN,NaN,NaN,NaN,NaN,NaN,NaN,,NaN,,NaN,NaN,NaN,,NaN,,NaN,NaN,NaN,NaN,NaN,NaN,flanker,609.884079699987,609.884079699987,609.884079699987,610.915121999977,610.915121999977,610.915121999977,NaN,NaN,,NaN,,603,5,3,m,yes,no,yes,no,2023-08-26_16h58.08.791,all_task_Ver_0825,2023.1.3,59.6935096417961
negative,neutral,1,j,l,1,0,1,0,0,0,0,0,NaN,NaN,NaN,NaN,NaN,NaN,NaN,NaN,NaN,NaN,NaN,NaN,NaN,NaN,NaN,NaN,NaN,NaN,NaN,NaN,0,0,0,0,3,8,62,3,NaN,NaN,NaN,NaN,NaN,NaN,NaN,,NaN,,NaN,NaN,,NaN,,,NaN,,NaN,NaN,NaN,NaN,main,1,1,1,neutral,negative,610.915121999977,610.915121999977,610.915121999977,610.915121999977,611.900274799991,611.916849399975,l,l,1,2.23972240000148,NaN,NaN,NaN,NaN,NaN,NaN,NaN,NaN,NaN,,NaN,,NaN,NaN,NaN,,NaN,,NaN,NaN,NaN,NaN,NaN,NaN,flanker,614.15076259998,614.15076259998,614.15076259998,615.165715599986,615.165715599986,615.165715599986,NaN,NaN,,NaN,,603,5,3,m,yes,no,yes,no,2023-08-26_16h58.08.791,all_task_Ver_0825,2023.1.3,59.6935096417961
positive,positive,2,l,j,1,0,1,0,0,0,0,0,NaN,NaN,NaN,NaN,NaN,NaN,NaN,NaN,NaN,NaN,NaN,NaN,NaN,NaN,NaN,NaN,NaN,NaN,NaN,NaN,0,0,0,0,3,9,63,11,NaN,NaN,NaN,NaN,NaN,NaN,NaN,,NaN,,NaN,NaN,,NaN,,,NaN,,NaN,NaN,NaN,NaN,main,1,1,2,positive,positive,615.165715599986,615.165715599986,615.165715599986,615.165715599986,616.150491299981,616.167324399983,j,j,1,2.0890090999892,NaN,NaN,NaN,NaN,NaN,NaN,NaN,NaN,NaN,,NaN,,NaN,NaN,NaN,,NaN,,NaN,NaN,NaN,NaN,NaN,NaN,flanker,618.250613799988,618.250613799988,618.250613799988,619.266173599986,619.266173599986,619.266173599986,NaN,NaN,,NaN,,603,5,3,m,yes,no,yes,no,2023-08-26_16h58.08.791,all_task_Ver_0825,2023.1.3,59.6935096417961
negative,neutral,2,j,l,1,0,1,0,0,0,0,0,NaN,NaN,NaN,NaN,NaN,NaN,NaN,NaN,NaN,NaN,NaN,NaN,NaN,NaN,NaN,NaN,NaN,NaN,NaN,NaN,0,0,0,0,3,10,64,12,NaN,NaN,NaN,NaN,NaN,NaN,NaN,,NaN,,NaN,NaN,,NaN,,,NaN,,NaN,NaN,NaN,NaN,main,1,1,2,neutral,negative,619.266173599986,619.266173599986,619.266173599986,619.266173599986,620.233772599982,620.267068899993,l,l,1,2.60694450000301,NaN,NaN,NaN,NaN,NaN,NaN,NaN,NaN,NaN,,NaN,,NaN,NaN,NaN,,NaN,,NaN,NaN,NaN,NaN,NaN,NaN,flanker,622.868043099996,622.868043099996,622.868043099996,623.899089699989,623.899089699989,623.899089699989,NaN,NaN,,NaN,,603,5,3,m,yes,no,yes,no,2023-08-26_16h58.08.791,all_task_Ver_0825,2023.1.3,59.6935096417961
positive,positive,1,l,j,1,0,1,0,0,0,0,0,NaN,NaN,NaN,NaN,NaN,NaN,NaN,NaN,NaN,NaN,NaN,NaN,NaN,NaN,NaN,NaN,NaN,NaN,NaN,NaN,0,0,0,0,3,11,65,2,NaN,NaN,NaN,NaN,NaN,NaN,NaN,,NaN,,NaN,NaN,,NaN,,,NaN,,NaN,NaN,NaN,NaN,main,2,2,1,positive,positive,623.899089699989,623.899089699989,623.899089699989,623.899089699989,624.867482200003,624.900875399995,j,j,1,1.89387179998448,NaN,NaN,NaN,NaN,NaN,NaN,NaN,NaN,NaN,,NaN,,NaN,NaN,NaN,,NaN,,NaN,NaN,NaN,NaN,NaN,NaN,flanker,626.784443499986,626.784443499986,626.784443499986,626.784443499986,626.784443499986,626.784443499986,NaN,NaN,,NaN,,603,5,3,m,yes,no,yes,no,2023-08-26_16h58.08.791,all_task_Ver_0825,2023.1.3,59.6935096417961
positive,neutral,2,l,j,1,0,1,0,0,0,0,0,NaN,NaN,NaN,NaN,NaN,NaN,NaN,NaN,NaN,NaN,NaN,NaN,NaN,NaN,NaN,NaN,NaN,NaN,NaN,NaN,0,0,0,0,3,12,66,17,NaN,NaN,NaN,NaN,NaN,NaN,NaN,,NaN,,NaN,NaN,,NaN,,,NaN,,NaN,NaN,NaN,NaN,main,1,1,2,neutral,positive,626.784443499986,626.784443499986,626.784443499986,626.784443499986,627.767655099975,627.784366699983,j,j,1,2.03345409999019,NaN,NaN,NaN,NaN,NaN,NaN,NaN,NaN,NaN,,NaN,,NaN,NaN,NaN,,NaN,,NaN,NaN,NaN,NaN,NaN,NaN,flanker,629.81821909998,629.81821909998,629.81821909998,630.833209899982,630.833209899982,630.833209899982,NaN,NaN,,NaN,,603,5,3,m,yes,no,yes,no,2023-08-26_16h58.08.791,all_task_Ver_0825,2023.1.3,59.6935096417961
neutral,positive,1,k,k,1,0,1,0,0,0,0,0,NaN,NaN,NaN,NaN,NaN,NaN,NaN,NaN,NaN,NaN,NaN,NaN,NaN,NaN,NaN,NaN,NaN,NaN,NaN,NaN,0,0,0,0,3,13,67,4,NaN,NaN,NaN,NaN,NaN,NaN,NaN,,NaN,,NaN,NaN,,NaN,,,NaN,,NaN,NaN,NaN,NaN,main,1,1,1,positive,neutral,630.833209899982,630.833209899982,630.833209899982,630.833209899982,631.801400199998,631.834329699981,k,k,1,2.03841280000051,NaN,NaN,NaN,NaN,NaN,NaN,NaN,NaN,NaN,,NaN,,NaN,NaN,NaN,,NaN,,NaN,NaN,NaN,NaN,NaN,NaN,flanker,633.851207,633.851207,633.851207,634.866450200003,634.866450200003,634.866450200003,NaN,NaN,,NaN,,603,5,3,m,yes,no,yes,no,2023-08-26_16h58.08.791,all_task_Ver_0825,2023.1.3,59.6935096417961
neutral,neutral,1,k,k,1,0,1,0,0,0,0,0,NaN,NaN,NaN,NaN,NaN,NaN,NaN,NaN,NaN,NaN,NaN,NaN,NaN,NaN,NaN,NaN,NaN,NaN,NaN,NaN,0,0,0,0,3,14,68,1,NaN,NaN,NaN,NaN,NaN,NaN,NaN,,NaN,,NaN,NaN,,NaN,,,NaN,,NaN,NaN,NaN,NaN,main,1,1,1,neutral,neutral,634.866450200003,634.866450200003,634.866450200003,634.866450200003,635.851452599978,635.868027399993,k,k,1,1.88711300000432,NaN,NaN,NaN,NaN,NaN,NaN,NaN,NaN,NaN,,NaN,,NaN,NaN,NaN,,NaN,,NaN,NaN,NaN,NaN,NaN,NaN,flanker,637.751981899986,637.751981899986,637.751981899986,637.751981899986,637.751981899986,637.751981899986,NaN,NaN,,NaN,,603,5,3,m,yes,no,yes,no,2023-08-26_16h58.08.791,all_task_Ver_0825,2023.1.3,59.6935096417961
positive,negative,2,l,j,1,0,1,0,0,0,0,0,NaN,NaN,NaN,NaN,NaN,NaN,NaN,NaN,NaN,NaN,NaN,NaN,NaN,NaN,NaN,NaN,NaN,NaN,NaN,NaN,0,0,0,0,3,15,69,14,NaN,NaN,NaN,NaN,NaN,NaN,NaN,,NaN,,NaN,NaN,,NaN,,,NaN,,NaN,NaN,NaN,NaN,main,1,1,2,negative,positive,637.751981899986,637.751981899986,637.751981899986,637.751981899986,638.734956399974,638.751683499984,j,j,1,1.98440680000931,NaN,NaN,NaN,NaN,NaN,NaN,NaN,NaN,NaN,,NaN,,NaN,NaN,NaN,,NaN,,NaN,NaN,NaN,NaN,NaN,NaN,flanker,640.735422099999,640.735422099999,640.735422099999,640.735422099999,640.735422099999,640.735422099999,NaN,NaN,,NaN,,603,5,3,m,yes,no,yes,no,2023-08-26_16h58.08.791,all_task_Ver_0825,2023.1.3,59.6935096417961
negative,positive,1,j,l,1,0,1,0,0,0,0,0,NaN,NaN,NaN,NaN,NaN,NaN,NaN,NaN,NaN,NaN,NaN,NaN,NaN,NaN,NaN,NaN,NaN,NaN,NaN,NaN,0,0,0,0,3,16,70,6,NaN,NaN,NaN,NaN,NaN,NaN,NaN,,NaN,,NaN,NaN,,NaN,,,NaN,,NaN,NaN,NaN,NaN,main,2,2,1,positive,negative,640.735422099999,640.735422099999,640.735422099999,640.735422099999,641.718524800002,641.750303299981,l,l,1,2.98191230001976,NaN,NaN,NaN,NaN,NaN,NaN,NaN,NaN,NaN,,NaN,,NaN,NaN,NaN,,NaN,,NaN,NaN,NaN,NaN,NaN,NaN,flanker,644.718487299979,644.718487299979,644.718487299979,645.733843399998,645.733843399998,645.733843399998,NaN,NaN,,NaN,,603,5,3,m,yes,no,yes,no,2023-08-26_16h58.08.791,all_task_Ver_0825,2023.1.3,59.6935096417961
neutral,positive,2,k,k,1,0,1,0,0,0,0,0,NaN,NaN,NaN,NaN,NaN,NaN,NaN,NaN,NaN,NaN,NaN,NaN,NaN,NaN,NaN,NaN,NaN,NaN,NaN,NaN,0,0,0,0,3,17,71,13,NaN,NaN,NaN,NaN,NaN,NaN,NaN,,NaN,,NaN,NaN,,NaN,,,NaN,,NaN,NaN,NaN,NaN,main,2,2,2,positive,neutral,645.733843399998,645.733843399998,645.733843399998,645.733843399998,646.719100199989,646.750602499989,k,k,1,4.50629019999178,NaN,NaN,NaN,NaN,NaN,NaN,NaN,NaN,NaN,,NaN,,NaN,NaN,NaN,,NaN,,NaN,NaN,NaN,NaN,NaN,NaN,flanker,651.236403499992,651.236403499992,651.236403499992,652.267485399992,652.267485399992,652.267485399992,NaN,NaN,,NaN,,603,5,3,m,yes,no,yes,no,2023-08-26_16h58.08.791,all_task_Ver_0825,2023.1.3,59.6935096417961
negative,positive,1,j,l,1,0,1,0,0,0,0,0,NaN,NaN,NaN,NaN,NaN,NaN,NaN,NaN,NaN,NaN,NaN,NaN,NaN,NaN,NaN,NaN,NaN,NaN,NaN,NaN,0,0,0,0,4,0,72,6,NaN,NaN,NaN,NaN,NaN,NaN,NaN,,NaN,,NaN,NaN,,NaN,,,NaN,,NaN,NaN,NaN,NaN,main,2,2,1,positive,negative,652.267485399992,652.267485399992,652.267485399992,652.267485399992,653.235755699978,653.269109199988,l,l,1,5.3722306000127,NaN,NaN,NaN,NaN,NaN,NaN,NaN,NaN,NaN,,NaN,,NaN,NaN,NaN,,NaN,,NaN,NaN,NaN,NaN,NaN,NaN,flanker,658.61631729998,658.61631729998,658.61631729998,659.63210659998,659.63210659998,659.63210659998,NaN,NaN,,NaN,,603,5,3,m,yes,no,yes,no,2023-08-26_16h58.08.791,all_task_Ver_0825,2023.1.3,59.6935096417961
positive,positive,2,l,j,1,0,1,0,0,0,0,0,NaN,NaN,NaN,NaN,NaN,NaN,NaN,NaN,NaN,NaN,NaN,NaN,NaN,NaN,NaN,NaN,NaN,NaN,NaN,NaN,0,0,0,0,4,1,73,11,NaN,NaN,NaN,NaN,NaN,NaN,NaN,,NaN,,NaN,NaN,,NaN,,,NaN,,NaN,NaN,NaN,NaN,main,2,2,2,positive,positive,659.63210659998,659.63210659998,659.63210659998,659.63210659998,660.618054299994,660.636088699976,j,j,1,3.3304538000084,NaN,NaN,NaN,NaN,NaN,NaN,NaN,NaN,NaN,,NaN,,NaN,NaN,NaN,,NaN,,NaN,NaN,NaN,NaN,NaN,NaN,flanker,663.953344499983,663.953344499983,663.953344499983,664.968128699984,664.968128699984,664.968128699984,NaN,NaN,,NaN,,603,5,3,m,yes,no,yes,no,2023-08-26_16h58.08.791,all_task_Ver_0825,2023.1.3,59.6935096417961
negative,positive,2,j,l,1,0,1,0,0,0,0,0,NaN,NaN,NaN,NaN,NaN,NaN,NaN,NaN,NaN,NaN,NaN,NaN,NaN,NaN,NaN,NaN,NaN,NaN,NaN,NaN,0,0,0,0,4,2,74,15,NaN,NaN,NaN,NaN,NaN,NaN,NaN,,NaN,,NaN,NaN,,NaN,,,NaN,,NaN,NaN,NaN,NaN,main,2,2,2,positive,negative,664.968128699984,664.968128699984,664.968128699984,664.968128699984,665.952869599976,665.969622399978,l,l,1,12.1246170999948,NaN,NaN,NaN,NaN,NaN,NaN,NaN,NaN,NaN,,NaN,,NaN,NaN,NaN,,NaN,,NaN,NaN,NaN,NaN,NaN,NaN,flanker,678.087350299989,678.087350299989,678.087350299989,679.118784399994,679.118784399994,679.118784399994,NaN,NaN,,NaN,,603,5,3,m,yes,no,yes,no,2023-08-26_16h58.08.791,all_task_Ver_0825,2023.1.3,59.6935096417961
positive,neutral,1,l,j,1,0,1,0,0,0,0,0,NaN,NaN,NaN,NaN,NaN,NaN,NaN,NaN,NaN,NaN,NaN,NaN,NaN,NaN,NaN,NaN,NaN,NaN,NaN,NaN,0,0,0,0,4,3,75,8,NaN,NaN,NaN,NaN,NaN,NaN,NaN,,NaN,,NaN,NaN,,NaN,,,NaN,,NaN,NaN,NaN,NaN,main,1,1,1,neutral,positive,679.118784399994,679.118784399994,679.118784399994,679.118784399994,680.08690699999,680.120397199993,j,j,1,1.89036190000479,NaN,NaN,NaN,NaN,NaN,NaN,NaN,NaN,NaN,,NaN,,NaN,NaN,NaN,,NaN,,NaN,NaN,NaN,NaN,NaN,NaN,flanker,682.019729799998,682.019729799998,682.019729799998,682.019729799998,682.019729799998,682.019729799998,NaN,NaN,,NaN,,603,5,3,m,yes,no,yes,no,2023-08-26_16h58.08.791,all_task_Ver_0825,2023.1.3,59.6935096417961
positive,negative,1,l,j,1,0,1,0,0,0,0,0,NaN,NaN,NaN,NaN,NaN,NaN,NaN,NaN,NaN,NaN,NaN,NaN,NaN,NaN,NaN,NaN,NaN,NaN,NaN,NaN,0,0,0,0,4,4,76,5,NaN,NaN,NaN,NaN,NaN,NaN,NaN,,NaN,,NaN,NaN,,NaN,,,NaN,,NaN,NaN,NaN,NaN,main,2,2,1,negative,positive,682.019729799998,682.019729799998,682.019729799998,682.019729799998,682.987089199974,683.020668499987,j,j,1,3.3318340999831,NaN,NaN,NaN,NaN,NaN,NaN,NaN,NaN,NaN,,NaN,,NaN,NaN,NaN,,NaN,,NaN,NaN,NaN,NaN,NaN,NaN,flanker,686.337736999994,686.337736999994,686.337736999994,687.352704199991,687.352704199991,687.352704199991,NaN,NaN,,NaN,,603,5,3,m,yes,no,yes,no,2023-08-26_16h58.08.791,all_task_Ver_0825,2023.1.3,59.6935096417961
positive,positive,1,l,j,1,0,1,0,0,0,0,0,NaN,NaN,NaN,NaN,NaN,NaN,NaN,NaN,NaN,NaN,NaN,NaN,NaN,NaN,NaN,NaN,NaN,NaN,NaN,NaN,0,0,0,0,4,5,77,2,NaN,NaN,NaN,NaN,NaN,NaN,NaN,,NaN,,NaN,NaN,,NaN,,,NaN,,NaN,NaN,NaN,NaN,main,1,1,1,positive,positive,687.352704199991,687.352704199991,687.352704199991,687.352704199991,688.337540299981,688.35401879999,j,j,1,2.07411580000189,NaN,NaN,NaN,NaN,NaN,NaN,NaN,NaN,NaN,,NaN,,NaN,NaN,NaN,,NaN,,NaN,NaN,NaN,NaN,NaN,NaN,flanker,690.421252200002,690.421252200002,690.421252200002,691.436315200001,691.436315200001,691.436315200001,NaN,NaN,,NaN,,603,5,3,m,yes,no,yes,no,2023-08-26_16h58.08.791,all_task_Ver_0825,2023.1.3,59.6935096417961
negative,negative,1,j,l,1,0,1,0,0,0,0,0,NaN,NaN,NaN,NaN,NaN,NaN,NaN,NaN,NaN,NaN,NaN,NaN,NaN,NaN,NaN,NaN,NaN,NaN,NaN,NaN,0,0,0,0,4,6,78,0,NaN,NaN,NaN,NaN,NaN,NaN,NaN,,NaN,,NaN,NaN,,NaN,,,NaN,,NaN,NaN,NaN,NaN,main,2,2,1,negative,negative,691.436315200001,691.436315200001,691.436315200001,691.436315200001,692.421190099994,692.438037399988,l,l,1,4.62406080000801,NaN,NaN,NaN,NaN,NaN,NaN,NaN,NaN,NaN,,NaN,,NaN,NaN,NaN,,NaN,,NaN,NaN,NaN,NaN,NaN,NaN,flanker,697.054928699974,697.054928699974,697.054928699974,698.06998249999,698.06998249999,698.06998249999,NaN,NaN,,NaN,,603,5,3,m,yes,no,yes,no,2023-08-26_16h58.08.791,all_task_Ver_0825,2023.1.3,59.6935096417961
neutral,negative,1,k,k,1,0,1,0,0,0,0,0,NaN,NaN,NaN,NaN,NaN,NaN,NaN,NaN,NaN,NaN,NaN,NaN,NaN,NaN,NaN,NaN,NaN,NaN,NaN,NaN,0,0,0,0,4,7,79,7,NaN,NaN,NaN,NaN,NaN,NaN,NaN,,NaN,,NaN,NaN,,NaN,,,NaN,,NaN,NaN,NaN,NaN,main,1,1,1,negative,neutral,698.06998249999,698.06998249999,698.06998249999,698.06998249999,699.053881699976,699.071012899978,k,k,1,2.20173120000982,NaN,NaN,NaN,NaN,NaN,NaN,NaN,NaN,NaN,,NaN,,NaN,NaN,NaN,,NaN,,NaN,NaN,NaN,NaN,NaN,NaN,flanker,701.252023499983,701.252023499983,701.252023499983,702.27086639998,702.27086639998,702.27086639998,NaN,NaN,,NaN,,603,5,3,m,yes,no,yes,no,2023-08-26_16h58.08.791,all_task_Ver_0825,2023.1.3,59.6935096417961
positive,negative,2,l,j,1,0,1,0,0,0,0,0,NaN,NaN,NaN,NaN,NaN,NaN,NaN,NaN,NaN,NaN,NaN,NaN,NaN,NaN,NaN,NaN,NaN,NaN,NaN,NaN,0,0,0,0,4,8,80,14,NaN,NaN,NaN,NaN,NaN,NaN,NaN,,NaN,,NaN,NaN,,NaN,,,NaN,,NaN,NaN,NaN,NaN,main,2,2,2,negative,positive,702.27086639998,702.27086639998,702.27086639998,702.27086639998,703.254963899992,703.271594499995,j,j,1,2.30454280000413,NaN,NaN,NaN,NaN,NaN,NaN,NaN,NaN,NaN,,NaN,,NaN,NaN,NaN,,NaN,,NaN,NaN,NaN,NaN,NaN,NaN,flanker,705.555671199982,705.555671199982,705.555671199982,706.570496300003,706.570496300003,706.570496300003,NaN,NaN,,NaN,,603,5,3,m,yes,no,yes,no,2023-08-26_16h58.08.791,all_task_Ver_0825,2023.1.3,59.6935096417961
neutral,positive,2,k,k,1,0,1,0,0,0,0,0,NaN,NaN,NaN,NaN,NaN,NaN,NaN,NaN,NaN,NaN,NaN,NaN,NaN,NaN,NaN,NaN,NaN,NaN,NaN,NaN,0,0,0,0,4,9,81,13,NaN,NaN,NaN,NaN,NaN,NaN,NaN,,NaN,,NaN,NaN,,NaN,,,NaN,,NaN,NaN,NaN,NaN,main,1,1,2,positive,neutral,706.570496300003,706.570496300003,706.570496300003,706.570496300003,707.555349999981,707.572054499993,k,k,1,3.47688360000029,NaN,NaN,NaN,NaN,NaN,NaN,NaN,NaN,NaN,,NaN,,NaN,NaN,NaN,,NaN,,NaN,NaN,NaN,NaN,NaN,NaN,flanker,711.039292599977,711.039292599977,711.039292599977,712.054551999987,712.054551999987,712.054551999987,NaN,NaN,,NaN,,603,5,3,m,yes,no,yes,no,2023-08-26_16h58.08.791,all_task_Ver_0825,2023.1.3,59.6935096417961
neutral,negative,2,k,k,1,0,1,0,0,0,0,0,NaN,NaN,NaN,NaN,NaN,NaN,NaN,NaN,NaN,NaN,NaN,NaN,NaN,NaN,NaN,NaN,NaN,NaN,NaN,NaN,0,0,0,0,4,10,82,16,NaN,NaN,NaN,NaN,NaN,NaN,NaN,,NaN,,NaN,NaN,,NaN,,,NaN,,NaN,NaN,NaN,NaN,main,1,1,2,negative,neutral,712.054551999987,712.054551999987,712.054551999987,712.054551999987,713.038866899995,713.055612299999,k,k,1,10.0924676999857,NaN,NaN,NaN,NaN,NaN,NaN,NaN,NaN,NaN,,NaN,,NaN,NaN,NaN,,NaN,,NaN,NaN,NaN,NaN,NaN,NaN,flanker,723.140081599995,723.140081599995,723.140081599995,724.171338799992,724.171338799992,724.171338799992,NaN,NaN,,NaN,,603,5,3,m,yes,no,yes,no,2023-08-26_16h58.08.791,all_task_Ver_0825,2023.1.3,59.6935096417961
negative,neutral,2,j,l,1,0,1,0,0,0,0,0,NaN,NaN,NaN,NaN,NaN,NaN,NaN,NaN,NaN,NaN,NaN,NaN,NaN,NaN,NaN,NaN,NaN,NaN,NaN,NaN,0,0,0,0,4,11,83,12,NaN,NaN,NaN,NaN,NaN,NaN,NaN,,NaN,,NaN,NaN,,NaN,,,NaN,,NaN,NaN,NaN,NaN,main,2,2,2,neutral,negative,724.171338799992,724.171338799992,724.171338799992,724.171338799992,725.156039699999,725.172582999978,l,l,1,3.53863240001374,NaN,NaN,NaN,NaN,NaN,NaN,NaN,NaN,NaN,,NaN,,NaN,NaN,NaN,,NaN,,NaN,NaN,NaN,NaN,NaN,NaN,flanker,728.689681299991,728.689681299991,728.689681299991,729.705145999993,729.705145999993,729.705145999993,NaN,NaN,,NaN,,603,5,3,m,yes,no,yes,no,2023-08-26_16h58.08.791,all_task_Ver_0825,2023.1.3,59.6935096417961
neutral,neutral,1,k,k,1,0,1,0,0,0,0,0,NaN,NaN,NaN,NaN,NaN,NaN,NaN,NaN,NaN,NaN,NaN,NaN,NaN,NaN,NaN,NaN,NaN,NaN,NaN,NaN,0,0,0,0,4,12,84,1,NaN,NaN,NaN,NaN,NaN,NaN,NaN,,NaN,,NaN,NaN,,NaN,,,NaN,,NaN,NaN,NaN,NaN,main,2,2,1,neutral,neutral,729.705145999993,729.705145999993,729.705145999993,729.705145999993,730.688689799979,730.706434299995,k,k,1,5.57788609998534,NaN,NaN,NaN,NaN,NaN,NaN,NaN,NaN,NaN,,NaN,,NaN,NaN,NaN,,NaN,,NaN,NaN,NaN,NaN,NaN,NaN,flanker,736.273943799984,736.273943799984,736.273943799984,737.305382499995,737.305382499995,737.305382499995,NaN,NaN,,NaN,,603,5,3,m,yes,no,yes,no,2023-08-26_16h58.08.791,all_task_Ver_0825,2023.1.3,59.6935096417961
neutral,positive,1,k,k,1,0,1,0,0,0,0,0,NaN,NaN,NaN,NaN,NaN,NaN,NaN,NaN,NaN,NaN,NaN,NaN,NaN,NaN,NaN,NaN,NaN,NaN,NaN,NaN,0,0,0,0,4,13,85,4,NaN,NaN,NaN,NaN,NaN,NaN,NaN,,NaN,,NaN,NaN,,NaN,,,NaN,,NaN,NaN,NaN,NaN,main,2,2,1,positive,neutral,737.305382499995,737.305382499995,737.305382499995,737.305382499995,738.273511899984,738.305813599989,k,k,1,2.47352169998339,NaN,NaN,NaN,NaN,NaN,NaN,NaN,NaN,NaN,,NaN,,NaN,NaN,NaN,,NaN,,NaN,NaN,NaN,NaN,NaN,NaN,flanker,740.773635999998,740.773635999998,740.773635999998,741.789019899996,741.789019899996,741.789019899996,NaN,NaN,,NaN,,603,5,3,m,yes,no,yes,no,2023-08-26_16h58.08.791,all_task_Ver_0825,2023.1.3,59.6935096417961
negative,neutral,1,j,l,1,0,1,0,0,0,0,0,NaN,NaN,NaN,NaN,NaN,NaN,NaN,NaN,NaN,NaN,NaN,NaN,NaN,NaN,NaN,NaN,NaN,NaN,NaN,NaN,0,0,0,0,4,14,86,3,NaN,NaN,NaN,NaN,NaN,NaN,NaN,,NaN,,NaN,NaN,,NaN,,,NaN,,NaN,NaN,NaN,NaN,main,2,2,1,neutral,negative,741.789019899996,741.789019899996,741.789019899996,741.789019899996,742.773753099988,742.790368199989,l,l,1,2.93670379999094,NaN,NaN,NaN,NaN,NaN,NaN,NaN,NaN,NaN,,NaN,,NaN,NaN,NaN,,NaN,,NaN,NaN,NaN,NaN,NaN,NaN,flanker,745.70479019999,745.70479019999,745.70479019999,746.722812099993,746.722812099993,746.722812099993,NaN,NaN,,NaN,,603,5,3,m,yes,no,yes,no,2023-08-26_16h58.08.791,all_task_Ver_0825,2023.1.3,59.6935096417961
negative,negative,2,j,l,1,0,1,0,0,0,0,0,NaN,NaN,NaN,NaN,NaN,NaN,NaN,NaN,NaN,NaN,NaN,NaN,NaN,NaN,NaN,NaN,NaN,NaN,NaN,NaN,0,0,0,0,4,15,87,9,NaN,NaN,NaN,NaN,NaN,NaN,NaN,,NaN,,NaN,NaN,,NaN,,,NaN,,NaN,NaN,NaN,NaN,main,2,2,2,negative,negative,746.722812099993,746.722812099993,746.722812099993,746.722812099993,747.722632999998,747.740809899988,l,l,1,3.02642999999807,NaN,NaN,NaN,NaN,NaN,NaN,NaN,NaN,NaN,,NaN,,NaN,NaN,NaN,,NaN,,NaN,NaN,NaN,NaN,NaN,NaN,flanker,750.740270099981,750.740270099981,750.740270099981,751.756328499992,751.756328499992,751.756328499992,NaN,NaN,,NaN,,603,5,3,m,yes,no,yes,no,2023-08-26_16h58.08.791,all_task_Ver_0825,2023.1.3,59.6935096417961
positive,neutral,2,l,j,1,0,1,0,0,0,0,0,NaN,NaN,NaN,NaN,NaN,NaN,NaN,NaN,NaN,NaN,NaN,NaN,NaN,NaN,NaN,NaN,NaN,NaN,NaN,NaN,0,0,0,0,4,16,88,17,NaN,NaN,NaN,NaN,NaN,NaN,NaN,,NaN,,NaN,NaN,,NaN,,,NaN,,NaN,NaN,NaN,NaN,main,2,2,2,neutral,positive,751.756328499992,751.756328499992,751.756328499992,751.756328499992,752.724073299993,752.757644899975,j,j,1,3.92126910001389,NaN,NaN,NaN,NaN,NaN,NaN,NaN,NaN,NaN,,NaN,,NaN,NaN,NaN,,NaN,,NaN,NaN,NaN,NaN,NaN,NaN,flanker,756.656179399986,756.656179399986,756.656179399986,757.673162699997,757.673162699997,757.673162699997,NaN,NaN,,NaN,,603,5,3,m,yes,no,yes,no,2023-08-26_16h58.08.791,all_task_Ver_0825,2023.1.3,59.6935096417961
neutral,neutral,2,k,k,1,0,1,0,0,0,0,0,NaN,NaN,NaN,NaN,NaN,NaN,NaN,NaN,NaN,NaN,NaN,NaN,NaN,NaN,NaN,NaN,NaN,NaN,NaN,NaN,0,0,0,0,4,17,89,10,NaN,NaN,NaN,NaN,NaN,NaN,NaN,,NaN,,NaN,NaN,,NaN,,,NaN,,NaN,NaN,NaN,NaN,main,2,2,2,neutral,neutral,757.673162699997,757.673162699997,757.673162699997,757.673162699997,758.658056799992,758.674619500001,k,k,1,2.2086914999818,NaN,NaN,NaN,NaN,NaN,NaN,NaN,NaN,NaN,,NaN,,NaN,NaN,NaN,,NaN,,NaN,NaN,NaN,NaN,NaN,NaN,flanker,760.875126300001,760.875126300001,760.875126300001,761.891078399989,761.891078399989,761.891078399989,NaN,NaN,,NaN,,603,5,3,m,yes,no,yes,no,2023-08-26_16h58.08.791,all_task_Ver_0825,2023.1.3,59.6935096417961
,,NaN,,,1,0,1,0,0,0,0,0,NaN,NaN,NaN,NaN,NaN,NaN,NaN,NaN,NaN,NaN,NaN,NaN,NaN,NaN,NaN,NaN,NaN,NaN,NaN,NaN,0,0,0,0,NaN,NaN,NaN,NaN,0,0,0,0,NaN,NaN,NaN,,NaN,,NaN,NaN,,NaN,,,NaN,,NaN,NaN,NaN,NaN,,NaN,NaN,NaN,,,NaN,NaN,NaN,NaN,NaN,NaN,,,NaN,NaN,NaN,NaN,NaN,NaN,NaN,NaN,NaN,NaN,NaN,,NaN,,NaN,NaN,NaN,,NaN,,NaN,NaN,NaN,NaN,NaN,NaN,,NaN,NaN,NaN,NaN,NaN,NaN,761.891078399989,761.891078399989,space,126.438491699984,None,603,5,3,m,yes,no,yes,no,2023-08-26_16h58.08.791,all_task_Ver_0825,2023.1.3,59.6935096417961
,,NaN,,,1,0,1,0,0,0,0,0,NaN,NaN,NaN,NaN,NaN,NaN,NaN,NaN,NaN,NaN,NaN,NaN,NaN,NaN,NaN,NaN,NaN,NaN,NaN,NaN,0,0,0,0,NaN,NaN,NaN,NaN,NaN,NaN,NaN,NaN,NaN,NaN,NaN,,NaN,,NaN,NaN,,NaN,,,NaN,,NaN,NaN,NaN,NaN,,NaN,NaN,NaN,,,NaN,NaN,NaN,NaN,NaN,NaN,,,NaN,NaN,NaN,NaN,NaN,NaN,NaN,NaN,NaN,NaN,NaN,,NaN,,NaN,NaN,NaN,,NaN,,NaN,NaN,NaN,NaN,NaN,NaN,,NaN,NaN,NaN,NaN,NaN,NaN,NaN,NaN,,NaN,,603,5,3,m,yes,no,yes,no,2023-08-26_16h58.08.791,all_task_Ver_0825,2023.1.3,59.6935096417961
,,NaN,,,NaN,NaN,NaN,NaN,NaN,NaN,NaN,NaN,NaN,NaN,NaN,NaN,NaN,NaN,NaN,NaN,NaN,NaN,NaN,NaN,NaN,NaN,NaN,NaN,NaN,NaN,NaN,NaN,NaN,NaN,NaN,NaN,NaN,NaN,NaN,NaN,NaN,NaN,NaN,NaN,NaN,NaN,NaN,,NaN,,NaN,NaN,,NaN,,,NaN,,NaN,NaN,NaN,888.348524200002,main,2,2,2,negative,neutral,890.380147299991,890.380147299991,890.380147299991,890.380147299991,891.380040199991,891.398349299998,,,NaN,NaN,NaN,NaN,NaN,NaN,NaN,NaN,NaN,NaN,NaN,,NaN,,NaN,NaN,NaN,,NaN,,NaN,NaN,NaN,NaN,NaN,890.380147299991,flanker,NaN,NaN,NaN,NaN,NaN,NaN,NaN,NaN,,NaN,,NaN,NaN,NaN,,,,,,,,,NaN
